﻿<?xml version="1.0" encoding="utf-8"?>
<DBLMetadata id="4466d548aa141270" type="text" typeVersion="1.5">
  <identification>
    <name>Old Persion Version Bible</name>
    <nameLocal>ترجمه قدیم</nameLocal>
    <abbreviation>pesOPV</abbreviation>
    <abbreviationLocal>OPV</abbreviationLocal>
    <scope>Bible without Deuterocanon</scope>
    <description>The Old Persian Version of the Holy Bible in the Persian language of Iran</description>
    <dateCompleted>1895</dateCompleted>
    <systemId fullname="Old Persion Version Bible" name="" type="paratext" />
    <bundleProducer />
  </identification>
  <confidential>false</confidential>
  <language>
    <iso>pes</iso>
    <name>Persian</name>
    <nameLocal>فارسی</nameLocal>
    <ldml />
    <rod />
    <script>Arabic</script>
    <scriptDirection>RTL</scriptDirection>
    <numerals>Persian</numerals>
  </language>
  <country>
    <iso>IR</iso>
    <name>Iran</name>
  </country>
  <type>
    <translationType>New</translationType>
    <audience>Common</audience>
  </type>
  <bookNames>
    <book code="GEN">
      <long>کتاب پیدایش</long>
      <short>پیدایش</short>
      <abbr>پیدایش</abbr>
    </book>
    <book code="EXO">
      <long>کتاب خروج</long>
      <short>خروج</short>
      <abbr>خروج</abbr>
    </book>
    <book code="LEV">
      <long>کتاب لاویان</long>
      <short>لاویان</short>
      <abbr>لاویان</abbr>
    </book>
    <book code="NUM">
      <long>کتاب اعداد</long>
      <short>اعداد</short>
      <abbr>اعداد</abbr>
    </book>
    <book code="DEU">
      <long>کتاب تثنیه</long>
      <short>تثنیه</short>
      <abbr>تثنیه</abbr>
    </book>
    <book code="JOS">
      <long>یـوشــع</long>
      <short>یوشع</short>
      <abbr>یوشع</abbr>
    </book>
    <book code="JDG">
      <long>کتاب داوران</long>
      <short>داوران</short>
      <abbr>داوران</abbr>
    </book>
    <book code="RUT">
      <long>كتاب روت</long>
      <short>روت</short>
      <abbr>روت</abbr>
    </book>
    <book code="1SA">
      <long>كتاب اول سموئیل</long>
      <short>اول سموئیل</short>
      <abbr>اول سموئیل</abbr>
    </book>
    <book code="2SA">
      <long>کتاب دوم سموئیل</long>
      <short>دوم سموئیل</short>
      <abbr>دوم سموئیل</abbr>
    </book>
    <book code="1KI">
      <long>کتاب اول پادشاهان</long>
      <short>اول پادشاهان</short>
      <abbr>اول پادشاهان</abbr>
    </book>
    <book code="2KI">
      <long>کتاب دوم پادشاهان</long>
      <short>دوم پادشاهان</short>
      <abbr>دوم پادشاهان</abbr>
    </book>
    <book code="1CH">
      <long>کتاب اول تواریخ</long>
      <short>اول تواریخ</short>
      <abbr>اول تواریخ</abbr>
    </book>
    <book code="2CH">
      <long>کتاب دوم تواریخ</long>
      <short>دوم تواریخ</short>
      <abbr>دوم تواریخ</abbr>
    </book>
    <book code="EZR">
      <long>کتاب عزرا</long>
      <short>عزرا</short>
      <abbr>عزرا</abbr>
    </book>
    <book code="NEH">
      <long>کتاب نحمیا</long>
      <short>نحمیا</short>
      <abbr>نحمیا</abbr>
    </book>
    <book code="EST">
      <long>کتاب استر</long>
      <short>استر</short>
      <abbr>استر</abbr>
    </book>
    <book code="JOB">
      <long>کتاب ایّوب</long>
      <short>ایّوب</short>
      <abbr>ایّوب</abbr>
    </book>
    <book code="PSA">
      <long>کتاب مزامیر</long>
      <short>مزامیر</short>
      <abbr>مزامیر</abbr>
    </book>
    <book code="PRO">
      <long>کتاب امثال سلیمان</long>
      <short>امثال</short>
      <abbr>امثال</abbr>
    </book>
    <book code="ECC">
      <long>کتاب جامعه</long>
      <short>جامعه</short>
      <abbr>جامعه</abbr>
    </book>
    <book code="SNG">
      <long>غزل غزلهای سلیمان</long>
      <short>غزل غزلها</short>
      <abbr>غزل غزلها</abbr>
    </book>
    <book code="ISA">
      <long>کتاب اشعیای نبی</long>
      <short>اشعیا</short>
      <abbr>اشعیا</abbr>
    </book>
    <book code="JER">
      <long>کتاب ارمیای نبی</long>
      <short>ارمیا</short>
      <abbr>ارمیا JER</abbr>
    </book>
    <book code="LAM">
      <long>سوگنامهٔ ارمیا</long>
      <short>سوگنامه</short>
      <abbr>سوگنامه</abbr>
    </book>
    <book code="EZK">
      <long>کتاب حزقیال نبی</long>
      <short>حزقیال</short>
      <abbr>حزقیال</abbr>
    </book>
    <book code="DAN">
      <long>کتاب دانیال</long>
      <short>دانیال</short>
      <abbr>دانیال</abbr>
    </book>
    <book code="HOS">
      <long>کتاب هوشع نبی</long>
      <short>هوشع</short>
      <abbr>هوشع</abbr>
    </book>
    <book code="JOL">
      <long>کتاب یوئیل نبی</long>
      <short>یوئیل</short>
      <abbr>یوئیل</abbr>
    </book>
    <book code="AMO">
      <long>کتاب عاموس</long>
      <short>عاموس</short>
      <abbr>عاموس</abbr>
    </book>
    <book code="OBA">
      <long>کتاب عوبدیای نبی</long>
      <short>عوبدیا</short>
      <abbr>عوبدیا</abbr>
    </book>
    <book code="JON">
      <long>کتاب یونس نبی</long>
      <short>یونس</short>
      <abbr>یونس</abbr>
    </book>
    <book code="MIC">
      <long>کتاب میکای نبی</long>
      <short>میکا</short>
      <abbr>میکا</abbr>
    </book>
    <book code="NAM">
      <long>کتاب ناحوم نبی</long>
      <short>ناحوم</short>
      <abbr>ناحوم</abbr>
    </book>
    <book code="HAB">
      <long>کتاب حبقوق نبی</long>
      <short>حبقوق</short>
      <abbr>حبقوق</abbr>
    </book>
    <book code="ZEP">
      <long>کتاب صَفَنیای نبی</long>
      <short>صَفَنیا</short>
      <abbr>صَفَنیا</abbr>
    </book>
    <book code="HAG">
      <long>کتاب حَجّای نبی</long>
      <short>حَجّای</short>
      <abbr>حَجّای</abbr>
    </book>
    <book code="ZEC">
      <long>کتاب زکریای نبی</long>
      <short>زکریا</short>
      <abbr>زکریا</abbr>
    </book>
    <book code="MAL">
      <long>کتاب ملاکی نبی</long>
      <short>ملاکی</short>
      <abbr>ملاکی</abbr>
    </book>
    <book code="MAT">
      <long>انجیل متّی</long>
      <short>متّی</short>
      <abbr>متی</abbr>
    </book>
    <book code="MRK">
      <long>انجیل مَرقُس</long>
      <short>مرقس</short>
      <abbr>مرقس</abbr>
    </book>
    <book code="LUK">
      <long>انجیل لوقا</long>
      <short>لوقا</short>
      <abbr>لوقا</abbr>
    </book>
    <book code="JHN">
      <long>انجیل یوحنا</long>
      <short>یوحنا</short>
      <abbr>یوحنا</abbr>
    </book>
    <book code="ACT">
      <long>كارهای رسولان</long>
      <short>کارهای رسولان</short>
      <abbr>کارهای رسولان</abbr>
    </book>
    <book code="ROM">
      <long>رساله پولس رسول به رومیان</long>
      <short>رومیان</short>
      <abbr>رومیان</abbr>
    </book>
    <book code="1CO">
      <long>نامهٔ اول پولس رسول به کلیسای شهر قرنتس</long>
      <short>اول قرنتیان</short>
      <abbr>اول قرنتیان</abbr>
    </book>
    <book code="2CO">
      <long>نامهٔ دوم پولس رسول به کلیسای شهر قرنتس</long>
      <short>دوم قرنتیان</short>
      <abbr>دوم قرنتیان</abbr>
    </book>
    <book code="GAL">
      <long>رساله پولس رسول به غلاطیان</long>
      <short>غلاطیان</short>
      <abbr>غلاطیان</abbr>
    </book>
    <book code="EPH">
      <long>رساله پولس رسول به افسسیان</long>
      <short>افسسیان</short>
      <abbr>افسسیان</abbr>
    </book>
    <book code="PHP">
      <long>رساله پولس رسول به فیلپیان</long>
      <short>فیلپیان</short>
      <abbr>فیلیپیان</abbr>
    </book>
    <book code="COL">
      <long>رساله پولس رسول به کولسیان</long>
      <short>کولسیان</short>
      <abbr>کولسیان</abbr>
    </book>
    <book code="1TH">
      <long>رساله اول پولس رسول به تسالونیکیان</long>
      <short>تسالونیکیان</short>
      <abbr>اول تسالونیکیان</abbr>
    </book>
    <book code="2TH">
      <long>رساله دوم پولس رسول به تسالونیکیان</long>
      <short>2 تسالونیکیان</short>
      <abbr>دوم تسالونیکیان</abbr>
    </book>
    <book code="1TI">
      <long>رساله اول پولس رسول به تیموتاوس</long>
      <short>1 تیموتاوس</short>
      <abbr>اول تیموتاؤس</abbr>
    </book>
    <book code="2TI">
      <long>رساله دوم پولس رسول به تیموتاوس</long>
      <short>2 تیموتاوس</short>
      <abbr>دوم تیموتاؤس</abbr>
    </book>
    <book code="TIT">
      <long>رساله پولس رسول به تیطس</long>
      <short>تیطس</short>
      <abbr>تیطُس</abbr>
    </book>
    <book code="PHM">
      <long>رساله پولس رسول به</long>
      <short>فِلیمُون</short>
      <abbr>فِلیمُون</abbr>
    </book>
    <book code="HEB">
      <long>رساله به عبرانیان</long>
      <short>عبرانیان</short>
      <abbr>عبرانیان</abbr>
    </book>
    <book code="JAS">
      <long>رساله یعقوب</long>
      <short>یعقوب</short>
      <abbr>یعقوب</abbr>
    </book>
    <book code="1PE">
      <long>نامهٔ اول پطرس رسول</long>
      <short>اول پطرس</short>
      <abbr>اول پطرس</abbr>
    </book>
    <book code="2PE">
      <long>نامهٔ دوم پطرس رسول</long>
      <short>دوم پطرس</short>
      <abbr>دوم پطرس</abbr>
    </book>
    <book code="1JN">
      <long>نامهٔ اول یوحنای رسول</long>
      <short>اول یوحنا</short>
      <abbr>اول یوحنا</abbr>
    </book>
    <book code="2JN">
      <long>نامهٔ دوم یوحنای رسول</long>
      <short>دوم یوحنا</short>
      <abbr>دوم یوحنا</abbr>
    </book>
    <book code="3JN">
      <long>نامهٔ سوم یوحنای رسول</long>
      <short>سوم یوحنا</short>
      <abbr>سوم یوحنا</abbr>
    </book>
    <book code="JUD">
      <long>نامهٔ یهودا</long>
      <short>یهودا</short>
      <abbr>یهودا</abbr>
    </book>
    <book code="REV">
      <long>مكاشفهٔ یوحنای رسول</long>
      <short>مکاشفهٔ یوحنا</short>
      <abbr>مکاشفهٔ یوحنا</abbr>
    </book>
  </bookNames>
  <contents>
    <bookList default="true" id="1">
      <name>Old Persion Version Bible</name>
      <nameLocal>ترجمه قدیم</nameLocal>
      <abbreviation>pesOPV</abbreviation>
      <abbreviationLocal>OPV</abbreviationLocal>
      <description>common</description>
      <descriptionLocal />
      <books>
        <book code="GEN" />
        <book code="EXO" />
        <book code="LEV" />
        <book code="NUM" />
        <book code="DEU" />
        <book code="JOS" />
        <book code="JDG" />
        <book code="RUT" />
        <book code="1SA" />
        <book code="2SA" />
        <book code="1KI" />
        <book code="2KI" />
        <book code="1CH" />
        <book code="2CH" />
        <book code="EZR" />
        <book code="NEH" />
        <book code="EST" />
        <book code="JOB" />
        <book code="PSA" />
        <book code="PRO" />
        <book code="ECC" />
        <book code="SNG" />
        <book code="ISA" />
        <book code="JER" />
        <book code="LAM" />
        <book code="EZK" />
        <book code="DAN" />
        <book code="HOS" />
        <book code="JOL" />
        <book code="AMO" />
        <book code="OBA" />
        <book code="JON" />
        <book code="MIC" />
        <book code="NAM" />
        <book code="HAB" />
        <book code="ZEP" />
        <book code="HAG" />
        <book code="ZEC" />
        <book code="MAL" />
        <book code="MAT" />
        <book code="MRK" />
        <book code="LUK" />
        <book code="JHN" />
        <book code="ACT" />
        <book code="ROM" />
        <book code="1CO" />
        <book code="2CO" />
        <book code="GAL" />
        <book code="EPH" />
        <book code="PHP" />
        <book code="COL" />
        <book code="1TH" />
        <book code="2TH" />
        <book code="1TI" />
        <book code="2TI" />
        <book code="TIT" />
        <book code="PHM" />
        <book code="HEB" />
        <book code="JAS" />
        <book code="1PE" />
        <book code="2PE" />
        <book code="1JN" />
        <book code="2JN" />
        <book code="3JN" />
        <book code="JUD" />
        <book code="REV" />
      </books>
    </bookList>
  </contents>
  <copyright>
    <statement contentType="xhtml">
      <p>Public Domain

</p>
    </statement>
  </copyright>
  <promotion>
    <promoVersionInfo contentType="xhtml">
      <p>Public Domain</p>
    </promoVersionInfo>
    <promoEmail contentType="xhtml">Thank you for downloading ترجمه قدیم! Now you'll have anytime, anywhere access to God's Word on your mobile device—even if 
you're outside of service coverage or not connected to the Internet. It also means faster service whenever you read that version since it's 
stored on your device. Enjoy! This download was made possible by . We really appreciate their passion for making the Bible available to millions of people around the world. Because of 
their generosity, people like you can open up the Bible and hear from God no matter where you are. You can learn more about them at .</promoEmail>
  </promotion>
  <archiveStatus>
    <archivistName />
    <dateArchived />
    <dateUpdated />
    <comments />
  </archiveStatus>
  <format>text/xml</format>
</DBLMetadata>