﻿<?xml version="1.0" encoding="utf-8"?>
<vernacularParms>
  <scriptureBook ubsAbbreviation="GEN" parm="vernacularFullName">کتاب پیدایش</scriptureBook>
  <scriptureBook ubsAbbreviation="EXO" parm="vernacularFullName">کتاب خروج</scriptureBook>
  <scriptureBook ubsAbbreviation="LEV" parm="vernacularFullName">کتاب لاویان</scriptureBook>
  <scriptureBook ubsAbbreviation="NUM" parm="vernacularFullName">کتاب اعداد</scriptureBook>
  <scriptureBook ubsAbbreviation="DEU" parm="vernacularFullName">کتاب تثنیه</scriptureBook>
  <scriptureBook ubsAbbreviation="JOS" parm="vernacularFullName">یـوشــع</scriptureBook>
  <scriptureBook ubsAbbreviation="JDG" parm="vernacularFullName">کتاب داوران</scriptureBook>
  <scriptureBook ubsAbbreviation="RUT" parm="vernacularFullName">كتاب روت</scriptureBook>
  <scriptureBook ubsAbbreviation="1SA" parm="vernacularFullName">كتاب اول سموئیل</scriptureBook>
  <scriptureBook ubsAbbreviation="2SA" parm="vernacularFullName">کتاب دوم سموئیل</scriptureBook>
  <scriptureBook ubsAbbreviation="1KI" parm="vernacularFullName">کتاب اول پادشاهان</scriptureBook>
  <scriptureBook ubsAbbreviation="2KI" parm="vernacularFullName">کتاب دوم پادشاهان</scriptureBook>
  <scriptureBook ubsAbbreviation="1CH" parm="vernacularFullName">کتاب اول تواریخ</scriptureBook>
  <scriptureBook ubsAbbreviation="2CH" parm="vernacularFullName">کتاب دوم تواریخ</scriptureBook>
  <scriptureBook ubsAbbreviation="EZR" parm="vernacularFullName">کتاب عزرا</scriptureBook>
  <scriptureBook ubsAbbreviation="NEH" parm="vernacularFullName">کتاب نحمیا</scriptureBook>
  <scriptureBook ubsAbbreviation="EST" parm="vernacularFullName">کتاب استر</scriptureBook>
  <scriptureBook ubsAbbreviation="JOB" parm="vernacularFullName">کتاب ایّوب</scriptureBook>
  <scriptureBook ubsAbbreviation="PSA" parm="vernacularFullName">کتاب مزامیر</scriptureBook>
  <scriptureBook ubsAbbreviation="PRO" parm="vernacularFullName">کتاب امثال سلیمان</scriptureBook>
  <scriptureBook ubsAbbreviation="ECC" parm="vernacularFullName">کتاب جامعه</scriptureBook>
  <scriptureBook ubsAbbreviation="SNG" parm="vernacularFullName">غزل غزلهای سلیمان</scriptureBook>
  <scriptureBook ubsAbbreviation="ISA" parm="vernacularFullName">کتاب اشعیای نبی</scriptureBook>
  <scriptureBook ubsAbbreviation="JER" parm="vernacularFullName">کتاب ارمیای نبی</scriptureBook>
  <scriptureBook ubsAbbreviation="LAM" parm="vernacularFullName">سوگنامهٔ ارمیا</scriptureBook>
  <scriptureBook ubsAbbreviation="EZK" parm="vernacularFullName">کتاب حزقیال نبی</scriptureBook>
  <scriptureBook ubsAbbreviation="DAN" parm="vernacularFullName">کتاب دانیال</scriptureBook>
  <scriptureBook ubsAbbreviation="HOS" parm="vernacularFullName">کتاب هوشع نبی</scriptureBook>
  <scriptureBook ubsAbbreviation="JOL" parm="vernacularFullName">کتاب یوئیل نبی</scriptureBook>
  <scriptureBook ubsAbbreviation="AMO" parm="vernacularFullName">کتاب عاموس</scriptureBook>
  <scriptureBook ubsAbbreviation="OBA" parm="vernacularFullName">کتاب عوبدیای نبی</scriptureBook>
  <scriptureBook ubsAbbreviation="JON" parm="vernacularFullName">کتاب یونس نبی</scriptureBook>
  <scriptureBook ubsAbbreviation="MIC" parm="vernacularFullName">کتاب میکای نبی</scriptureBook>
  <scriptureBook ubsAbbreviation="NAM" parm="vernacularFullName">کتاب ناحوم نبی</scriptureBook>
  <scriptureBook ubsAbbreviation="HAB" parm="vernacularFullName">کتاب حبقوق نبی</scriptureBook>
  <scriptureBook ubsAbbreviation="ZEP" parm="vernacularFullName">کتاب صَفَنیای نبی</scriptureBook>
  <scriptureBook ubsAbbreviation="HAG" parm="vernacularFullName">کتاب حَجّای نبی</scriptureBook>
  <scriptureBook ubsAbbreviation="ZEC" parm="vernacularFullName">کتاب زکریای نبی</scriptureBook>
  <scriptureBook ubsAbbreviation="MAL" parm="vernacularFullName">کتاب ملاکی نبی</scriptureBook>
  <scriptureBook ubsAbbreviation="MAT" parm="vernacularFullName">انجیل متّی</scriptureBook>
  <scriptureBook ubsAbbreviation="MRK" parm="vernacularFullName">انجیل مَرقُس</scriptureBook>
  <scriptureBook ubsAbbreviation="LUK" parm="vernacularFullName">انجیل لوقا</scriptureBook>
  <scriptureBook ubsAbbreviation="JHN" parm="vernacularFullName">انجیل یوحنا</scriptureBook>
  <scriptureBook ubsAbbreviation="ACT" parm="vernacularFullName">كارهای رسولان</scriptureBook>
  <scriptureBook ubsAbbreviation="ROM" parm="vernacularFullName">رساله پولس رسول به رومیان</scriptureBook>
  <scriptureBook ubsAbbreviation="1CO" parm="vernacularFullName">نامهٔ اول پولس رسول به کلیسای شهر قرنتس</scriptureBook>
  <scriptureBook ubsAbbreviation="2CO" parm="vernacularFullName">نامهٔ دوم پولس رسول به کلیسای شهر قرنتس</scriptureBook>
  <scriptureBook ubsAbbreviation="GAL" parm="vernacularFullName">رساله پولس رسول به غلاطیان</scriptureBook>
  <scriptureBook ubsAbbreviation="EPH" parm="vernacularFullName">رساله پولس رسول به افسسیان</scriptureBook>
  <scriptureBook ubsAbbreviation="PHP" parm="vernacularFullName">رساله پولس رسول به فیلپیان</scriptureBook>
  <scriptureBook ubsAbbreviation="COL" parm="vernacularFullName">رساله پولس رسول به کولسیان</scriptureBook>
  <scriptureBook ubsAbbreviation="1TH" parm="vernacularFullName">رساله اول پولس رسول به تسالونیکیان</scriptureBook>
  <scriptureBook ubsAbbreviation="2TH" parm="vernacularFullName">رساله دوم پولس رسول به تسالونیکیان</scriptureBook>
  <scriptureBook ubsAbbreviation="1TI" parm="vernacularFullName">رساله اول پولس رسول به تیموتاوس</scriptureBook>
  <scriptureBook ubsAbbreviation="2TI" parm="vernacularFullName">رساله دوم پولس رسول به تیموتاوس</scriptureBook>
  <scriptureBook ubsAbbreviation="TIT" parm="vernacularFullName">رساله پولس رسول به تیطس</scriptureBook>
  <scriptureBook ubsAbbreviation="PHM" parm="vernacularFullName">رساله پولس رسول به</scriptureBook>
  <scriptureBook ubsAbbreviation="HEB" parm="vernacularFullName">رساله به عبرانیان</scriptureBook>
  <scriptureBook ubsAbbreviation="JAS" parm="vernacularFullName">رساله یعقوب</scriptureBook>
  <scriptureBook ubsAbbreviation="1PE" parm="vernacularFullName">نامهٔ اول پطرس رسول</scriptureBook>
  <scriptureBook ubsAbbreviation="2PE" parm="vernacularFullName">نامهٔ دوم پطرس رسول</scriptureBook>
  <scriptureBook ubsAbbreviation="1JN" parm="vernacularFullName">نامهٔ اول یوحنای رسول</scriptureBook>
  <scriptureBook ubsAbbreviation="2JN" parm="vernacularFullName">نامهٔ دوم یوحنای رسول</scriptureBook>
  <scriptureBook ubsAbbreviation="3JN" parm="vernacularFullName">نامهٔ سوم یوحنای رسول</scriptureBook>
  <scriptureBook ubsAbbreviation="JUD" parm="vernacularFullName">نامهٔ یهودا</scriptureBook>
  <scriptureBook ubsAbbreviation="REV" parm="vernacularFullName">مكاشفهٔ یوحنای رسول</scriptureBook>
  <scriptureBook ubsAbbreviation="GEN" parm="vernacularAbbreviatedName">پیدایش</scriptureBook>
  <scriptureBook ubsAbbreviation="EXO" parm="vernacularAbbreviatedName">خروج</scriptureBook>
  <scriptureBook ubsAbbreviation="LEV" parm="vernacularAbbreviatedName">لاویان</scriptureBook>
  <scriptureBook ubsAbbreviation="NUM" parm="vernacularAbbreviatedName">اعداد</scriptureBook>
  <scriptureBook ubsAbbreviation="DEU" parm="vernacularAbbreviatedName">تثنیه</scriptureBook>
  <scriptureBook ubsAbbreviation="JOS" parm="vernacularAbbreviatedName">یوشع</scriptureBook>
  <scriptureBook ubsAbbreviation="JDG" parm="vernacularAbbreviatedName">داوران</scriptureBook>
  <scriptureBook ubsAbbreviation="RUT" parm="vernacularAbbreviatedName">روت</scriptureBook>
  <scriptureBook ubsAbbreviation="1SA" parm="vernacularAbbreviatedName">اول سموئیل</scriptureBook>
  <scriptureBook ubsAbbreviation="2SA" parm="vernacularAbbreviatedName">دوم سموئیل</scriptureBook>
  <scriptureBook ubsAbbreviation="1KI" parm="vernacularAbbreviatedName">اول پادشاهان</scriptureBook>
  <scriptureBook ubsAbbreviation="2KI" parm="vernacularAbbreviatedName">دوم پادشاهان</scriptureBook>
  <scriptureBook ubsAbbreviation="1CH" parm="vernacularAbbreviatedName">اول تواریخ</scriptureBook>
  <scriptureBook ubsAbbreviation="2CH" parm="vernacularAbbreviatedName">دوم تواریخ</scriptureBook>
  <scriptureBook ubsAbbreviation="EZR" parm="vernacularAbbreviatedName">عزرا</scriptureBook>
  <scriptureBook ubsAbbreviation="NEH" parm="vernacularAbbreviatedName">نحمیا</scriptureBook>
  <scriptureBook ubsAbbreviation="EST" parm="vernacularAbbreviatedName">استر</scriptureBook>
  <scriptureBook ubsAbbreviation="JOB" parm="vernacularAbbreviatedName">ایّوب</scriptureBook>
  <scriptureBook ubsAbbreviation="PSA" parm="vernacularAbbreviatedName">مزامیر</scriptureBook>
  <scriptureBook ubsAbbreviation="PRO" parm="vernacularAbbreviatedName">امثال</scriptureBook>
  <scriptureBook ubsAbbreviation="ECC" parm="vernacularAbbreviatedName">جامعه</scriptureBook>
  <scriptureBook ubsAbbreviation="SNG" parm="vernacularAbbreviatedName">غزل غزلها</scriptureBook>
  <scriptureBook ubsAbbreviation="ISA" parm="vernacularAbbreviatedName">اشعیا</scriptureBook>
  <scriptureBook ubsAbbreviation="JER" parm="vernacularAbbreviatedName">ارمیا</scriptureBook>
  <scriptureBook ubsAbbreviation="LAM" parm="vernacularAbbreviatedName">سوگنامه</scriptureBook>
  <scriptureBook ubsAbbreviation="EZK" parm="vernacularAbbreviatedName">حزقیال</scriptureBook>
  <scriptureBook ubsAbbreviation="DAN" parm="vernacularAbbreviatedName">دانیال</scriptureBook>
  <scriptureBook ubsAbbreviation="HOS" parm="vernacularAbbreviatedName">هوشع</scriptureBook>
  <scriptureBook ubsAbbreviation="JOL" parm="vernacularAbbreviatedName">یوئیل</scriptureBook>
  <scriptureBook ubsAbbreviation="AMO" parm="vernacularAbbreviatedName">عاموس</scriptureBook>
  <scriptureBook ubsAbbreviation="OBA" parm="vernacularAbbreviatedName">عوبدیا</scriptureBook>
  <scriptureBook ubsAbbreviation="JON" parm="vernacularAbbreviatedName">یونس</scriptureBook>
  <scriptureBook ubsAbbreviation="MIC" parm="vernacularAbbreviatedName">میکا</scriptureBook>
  <scriptureBook ubsAbbreviation="NAM" parm="vernacularAbbreviatedName">ناحوم</scriptureBook>
  <scriptureBook ubsAbbreviation="HAB" parm="vernacularAbbreviatedName">حبقوق</scriptureBook>
  <scriptureBook ubsAbbreviation="ZEP" parm="vernacularAbbreviatedName">صَفَنیا</scriptureBook>
  <scriptureBook ubsAbbreviation="HAG" parm="vernacularAbbreviatedName">حَجّای</scriptureBook>
  <scriptureBook ubsAbbreviation="ZEC" parm="vernacularAbbreviatedName">زکریا</scriptureBook>
  <scriptureBook ubsAbbreviation="MAL" parm="vernacularAbbreviatedName">ملاکی</scriptureBook>
  <scriptureBook ubsAbbreviation="MAT" parm="vernacularAbbreviatedName">متّی</scriptureBook>
  <scriptureBook ubsAbbreviation="MRK" parm="vernacularAbbreviatedName">مرقس</scriptureBook>
  <scriptureBook ubsAbbreviation="LUK" parm="vernacularAbbreviatedName">لوقا</scriptureBook>
  <scriptureBook ubsAbbreviation="JHN" parm="vernacularAbbreviatedName">یوحنا</scriptureBook>
  <scriptureBook ubsAbbreviation="ACT" parm="vernacularAbbreviatedName">کارهای رسولان</scriptureBook>
  <scriptureBook ubsAbbreviation="ROM" parm="vernacularAbbreviatedName">رومیان</scriptureBook>
  <scriptureBook ubsAbbreviation="1CO" parm="vernacularAbbreviatedName">اول قرنتیان</scriptureBook>
  <scriptureBook ubsAbbreviation="2CO" parm="vernacularAbbreviatedName">دوم قرنتیان</scriptureBook>
  <scriptureBook ubsAbbreviation="GAL" parm="vernacularAbbreviatedName">غلاطیان</scriptureBook>
  <scriptureBook ubsAbbreviation="EPH" parm="vernacularAbbreviatedName">افسسیان</scriptureBook>
  <scriptureBook ubsAbbreviation="PHP" parm="vernacularAbbreviatedName">فیلپیان</scriptureBook>
  <scriptureBook ubsAbbreviation="COL" parm="vernacularAbbreviatedName">کولسیان</scriptureBook>
  <scriptureBook ubsAbbreviation="1TH" parm="vernacularAbbreviatedName">تسالونیکیان</scriptureBook>
  <scriptureBook ubsAbbreviation="2TH" parm="vernacularAbbreviatedName">2 تسالونیکیان</scriptureBook>
  <scriptureBook ubsAbbreviation="1TI" parm="vernacularAbbreviatedName">1 تیموتاوس</scriptureBook>
  <scriptureBook ubsAbbreviation="2TI" parm="vernacularAbbreviatedName">2 تیموتاوس</scriptureBook>
  <scriptureBook ubsAbbreviation="TIT" parm="vernacularAbbreviatedName">تیطس</scriptureBook>
  <scriptureBook ubsAbbreviation="PHM" parm="vernacularAbbreviatedName">فِلیمُون</scriptureBook>
  <scriptureBook ubsAbbreviation="HEB" parm="vernacularAbbreviatedName">عبرانیان</scriptureBook>
  <scriptureBook ubsAbbreviation="JAS" parm="vernacularAbbreviatedName">یعقوب</scriptureBook>
  <scriptureBook ubsAbbreviation="1PE" parm="vernacularAbbreviatedName">اول پطرس</scriptureBook>
  <scriptureBook ubsAbbreviation="2PE" parm="vernacularAbbreviatedName">دوم پطرس</scriptureBook>
  <scriptureBook ubsAbbreviation="1JN" parm="vernacularAbbreviatedName">اول یوحنا</scriptureBook>
  <scriptureBook ubsAbbreviation="2JN" parm="vernacularAbbreviatedName">دوم یوحنا</scriptureBook>
  <scriptureBook ubsAbbreviation="3JN" parm="vernacularAbbreviatedName">سوم یوحنا</scriptureBook>
  <scriptureBook ubsAbbreviation="JUD" parm="vernacularAbbreviatedName">یهودا</scriptureBook>
  <scriptureBook ubsAbbreviation="REV" parm="vernacularAbbreviatedName">مکاشفهٔ یوحنا</scriptureBook>
  <scriptureBook ubsAbbreviation="GEN" parm="vernacularBookAbbreviation">پیدایش</scriptureBook>
  <scriptureBook ubsAbbreviation="EXO" parm="vernacularBookAbbreviation">خروج</scriptureBook>
  <scriptureBook ubsAbbreviation="LEV" parm="vernacularBookAbbreviation">لاویان</scriptureBook>
  <scriptureBook ubsAbbreviation="NUM" parm="vernacularBookAbbreviation">اعداد</scriptureBook>
  <scriptureBook ubsAbbreviation="DEU" parm="vernacularBookAbbreviation">تثنیه</scriptureBook>
  <scriptureBook ubsAbbreviation="JOS" parm="vernacularBookAbbreviation">یوشع</scriptureBook>
  <scriptureBook ubsAbbreviation="JDG" parm="vernacularBookAbbreviation">داوران</scriptureBook>
  <scriptureBook ubsAbbreviation="RUT" parm="vernacularBookAbbreviation">روت</scriptureBook>
  <scriptureBook ubsAbbreviation="1SA" parm="vernacularBookAbbreviation">اول سموئیل</scriptureBook>
  <scriptureBook ubsAbbreviation="2SA" parm="vernacularBookAbbreviation">دوم سموئیل</scriptureBook>
  <scriptureBook ubsAbbreviation="1KI" parm="vernacularBookAbbreviation">اول پادشاهان</scriptureBook>
  <scriptureBook ubsAbbreviation="2KI" parm="vernacularBookAbbreviation">دوم پادشاهان</scriptureBook>
  <scriptureBook ubsAbbreviation="1CH" parm="vernacularBookAbbreviation">اول تواریخ</scriptureBook>
  <scriptureBook ubsAbbreviation="2CH" parm="vernacularBookAbbreviation">دوم تواریخ</scriptureBook>
  <scriptureBook ubsAbbreviation="EZR" parm="vernacularBookAbbreviation">عزرا</scriptureBook>
  <scriptureBook ubsAbbreviation="NEH" parm="vernacularBookAbbreviation">نحمیا</scriptureBook>
  <scriptureBook ubsAbbreviation="EST" parm="vernacularBookAbbreviation">استر</scriptureBook>
  <scriptureBook ubsAbbreviation="JOB" parm="vernacularBookAbbreviation">ایّوب</scriptureBook>
  <scriptureBook ubsAbbreviation="PSA" parm="vernacularBookAbbreviation">مزامیر</scriptureBook>
  <scriptureBook ubsAbbreviation="PRO" parm="vernacularBookAbbreviation">امثال</scriptureBook>
  <scriptureBook ubsAbbreviation="ECC" parm="vernacularBookAbbreviation">جامعه</scriptureBook>
  <scriptureBook ubsAbbreviation="SNG" parm="vernacularBookAbbreviation">غزل غزلها</scriptureBook>
  <scriptureBook ubsAbbreviation="ISA" parm="vernacularBookAbbreviation">اشعیا</scriptureBook>
  <scriptureBook ubsAbbreviation="JER" parm="vernacularBookAbbreviation">ارمیا JER</scriptureBook>
  <scriptureBook ubsAbbreviation="LAM" parm="vernacularBookAbbreviation">سوگنامه</scriptureBook>
  <scriptureBook ubsAbbreviation="EZK" parm="vernacularBookAbbreviation">حزقیال</scriptureBook>
  <scriptureBook ubsAbbreviation="DAN" parm="vernacularBookAbbreviation">دانیال</scriptureBook>
  <scriptureBook ubsAbbreviation="HOS" parm="vernacularBookAbbreviation">هوشع</scriptureBook>
  <scriptureBook ubsAbbreviation="JOL" parm="vernacularBookAbbreviation">یوئیل</scriptureBook>
  <scriptureBook ubsAbbreviation="AMO" parm="vernacularBookAbbreviation">عاموس</scriptureBook>
  <scriptureBook ubsAbbreviation="OBA" parm="vernacularBookAbbreviation">عوبدیا</scriptureBook>
  <scriptureBook ubsAbbreviation="JON" parm="vernacularBookAbbreviation">یونس</scriptureBook>
  <scriptureBook ubsAbbreviation="MIC" parm="vernacularBookAbbreviation">میکا</scriptureBook>
  <scriptureBook ubsAbbreviation="NAM" parm="vernacularBookAbbreviation">ناحوم</scriptureBook>
  <scriptureBook ubsAbbreviation="HAB" parm="vernacularBookAbbreviation">حبقوق</scriptureBook>
  <scriptureBook ubsAbbreviation="ZEP" parm="vernacularBookAbbreviation">صَفَنیا</scriptureBook>
  <scriptureBook ubsAbbreviation="HAG" parm="vernacularBookAbbreviation">حَجّای</scriptureBook>
  <scriptureBook ubsAbbreviation="ZEC" parm="vernacularBookAbbreviation">زکریا</scriptureBook>
  <scriptureBook ubsAbbreviation="MAL" parm="vernacularBookAbbreviation">ملاکی</scriptureBook>
  <scriptureBook ubsAbbreviation="MAT" parm="vernacularBookAbbreviation">متی</scriptureBook>
  <scriptureBook ubsAbbreviation="MRK" parm="vernacularBookAbbreviation">مرقس</scriptureBook>
  <scriptureBook ubsAbbreviation="LUK" parm="vernacularBookAbbreviation">لوقا</scriptureBook>
  <scriptureBook ubsAbbreviation="JHN" parm="vernacularBookAbbreviation">یوحنا</scriptureBook>
  <scriptureBook ubsAbbreviation="ACT" parm="vernacularBookAbbreviation">کارهای رسولان</scriptureBook>
  <scriptureBook ubsAbbreviation="ROM" parm="vernacularBookAbbreviation">رومیان</scriptureBook>
  <scriptureBook ubsAbbreviation="1CO" parm="vernacularBookAbbreviation">اول قرنتیان</scriptureBook>
  <scriptureBook ubsAbbreviation="2CO" parm="vernacularBookAbbreviation">دوم قرنتیان</scriptureBook>
  <scriptureBook ubsAbbreviation="GAL" parm="vernacularBookAbbreviation">غلاطیان</scriptureBook>
  <scriptureBook ubsAbbreviation="EPH" parm="vernacularBookAbbreviation">افسسیان</scriptureBook>
  <scriptureBook ubsAbbreviation="PHP" parm="vernacularBookAbbreviation">فیلیپیان</scriptureBook>
  <scriptureBook ubsAbbreviation="COL" parm="vernacularBookAbbreviation">کولسیان</scriptureBook>
  <scriptureBook ubsAbbreviation="1TH" parm="vernacularBookAbbreviation">اول تسالونیکیان</scriptureBook>
  <scriptureBook ubsAbbreviation="2TH" parm="vernacularBookAbbreviation">دوم تسالونیکیان</scriptureBook>
  <scriptureBook ubsAbbreviation="1TI" parm="vernacularBookAbbreviation">اول تیموتاؤس</scriptureBook>
  <scriptureBook ubsAbbreviation="2TI" parm="vernacularBookAbbreviation">دوم تیموتاؤس</scriptureBook>
  <scriptureBook ubsAbbreviation="TIT" parm="vernacularBookAbbreviation">تیطُس</scriptureBook>
  <scriptureBook ubsAbbreviation="PHM" parm="vernacularBookAbbreviation">فِلیمُون</scriptureBook>
  <scriptureBook ubsAbbreviation="HEB" parm="vernacularBookAbbreviation">عبرانیان</scriptureBook>
  <scriptureBook ubsAbbreviation="JAS" parm="vernacularBookAbbreviation">یعقوب</scriptureBook>
  <scriptureBook ubsAbbreviation="1PE" parm="vernacularBookAbbreviation">اول پطرس</scriptureBook>
  <scriptureBook ubsAbbreviation="2PE" parm="vernacularBookAbbreviation">دوم پطرس</scriptureBook>
  <scriptureBook ubsAbbreviation="1JN" parm="vernacularBookAbbreviation">اول یوحنا</scriptureBook>
  <scriptureBook ubsAbbreviation="2JN" parm="vernacularBookAbbreviation">دوم یوحنا</scriptureBook>
  <scriptureBook ubsAbbreviation="3JN" parm="vernacularBookAbbreviation">سوم یوحنا</scriptureBook>
  <scriptureBook ubsAbbreviation="JUD" parm="vernacularBookAbbreviation">یهودا</scriptureBook>
  <scriptureBook ubsAbbreviation="REV" parm="vernacularBookAbbreviation">مکاشفهٔ یوحنا</scriptureBook>
  <dcMeta xmlns:xsi="http://www.w3.org/2001/XMLSchema-instance" xsi:schemaLocation="http://dublincore.org/schemas/xmls/qdc/2008/02/11/dc.xsd" xmlns:dc="http://purl.org/dc/elements/1.1/">
    <dc:creator>Wycliffe Bible Translators</dc:creator>
    <dc:contributor />
    <dc:title>ترجمه قدیم</dc:title>
    <dc:description>The Old Persian Version of the Holy Bible in the Persian language of Iran</dc:description>
    <dc:date>2015-04-21</dc:date>
    <dc:format>digital</dc:format>
    <dc:language>pes</dc:language>
    <dc:publisher>Digital Bible Society</dc:publisher>
    <dc:rights>Public Domain</dc:rights>
    <dc:identifier />
    <dc:type />
  </dcMeta>
  <numberSystem>Persian</numberSystem>
  <chapterAndVerseSeparator>: </chapterAndVerseSeparator>
  <rangeSeparator>-</rangeSeparator>
  <multiRefSameChapterSeparator>،</multiRefSameChapterSeparator>
  <multiRefDifferentChapterSeparator>—</multiRefDifferentChapterSeparator>
  <verseNumberLocation>Begin</verseNumberLocation>
  <footnoteMarkerStyle>Circulate</footnoteMarkerStyle>
  <footnoteMarkerResetAt>Book</footnoteMarkerResetAt>
  <footnoteMarkers>* † ‡ §</footnoteMarkers>
  <BookSourceForMarkerXt>Abbreviation</BookSourceForMarkerXt>
  <BookSourceForMarkerR>Abbreviation</BookSourceForMarkerR>
  <iso>pes</iso>
  <isoVariant />
  <langName>فارسی</langName>
  <textDir>rtl</textDir>
  <hasNotes>True</hasNotes>
  <coverTitle>ترجمه قدیم</coverTitle>
</vernacularParms>