﻿<?xml version="1.0" encoding="utf-8"?>
<DBLMetadata id="dce639bad72d15ef" type="text" typeVersion="1.5">
  <identification>
    <name>Arabic Van Dyck Bible</name>
    <nameLocal>الكتاب المقدس باللغة العربية، فان دايك</nameLocal>
    <abbreviation>arb-vd</abbreviation>
    <abbreviationLocal>AVD</abbreviationLocal>
    <scope>Bible without Deuterocanon</scope>
    <description>Arabic Van Dyck translation of the Holy Bible</description>
    <dateCompleted />
    <systemId fullname="Arabic Van Dyck Bible" name="" type="paratext" />
    <bundleProducer />
  </identification>
  <confidential>false</confidential>
  <language>
    <iso>arb</iso>
    <name>Arabic</name>
    <nameLocal>العربية</nameLocal>
    <ldml />
    <rod />
    <script>Arabic</script>
    <scriptDirection>RTL</scriptDirection>
    <numerals>Hindi</numerals>
  </language>
  <country>
    <iso>LB</iso>
    <name>Lebanon</name>
  </country>
  <type>
    <translationType>New</translationType>
    <audience>Common</audience>
  </type>
  <bookNames>
    <book code="GEN">
      <long>اَلتَّكْوِينُ</long>
      <short>اَلتَّكْوِينُ</short>
      <abbr>اَلتَّكْوِينُ</abbr>
    </book>
    <book code="EXO">
      <long>اَلْخُرُوجُ</long>
      <short>اَلْخُرُوجُ</short>
      <abbr>اَلْخُرُوجُ</abbr>
    </book>
    <book code="LEV">
      <long>اَللَّاوِيِّينَ</long>
      <short>اَللَّاوِيِّينَ</short>
      <abbr>اَللَّاوِيِّينَ</abbr>
    </book>
    <book code="NUM">
      <long>اَلْعَدَد</long>
      <short>اَلْعَدَد</short>
      <abbr>اَلْعَدَد</abbr>
    </book>
    <book code="DEU">
      <long>اَلتَّثْنِيَة</long>
      <short>اَلتَّثْنِيَة</short>
      <abbr>اَلتَّثْنِيَة</abbr>
    </book>
    <book code="JOS">
      <long>يَشُوع</long>
      <short>يَشُوع</short>
      <abbr>يَشُوع</abbr>
    </book>
    <book code="JDG">
      <long>اَلْقُضَاة</long>
      <short>اَلْقُضَاة</short>
      <abbr>اَلْقُضَاة</abbr>
    </book>
    <book code="RUT">
      <long>رَاعُوث</long>
      <short>رَاعُوث</short>
      <abbr>رَاعُوث</abbr>
    </book>
    <book code="1SA">
      <long>صَمُوئِيلَ ٱلْأَوَّلُ</long>
      <short>صَمُوئِيلَ ٱلْأَوَّلُ</short>
      <abbr>صَمُوئِيلَ ٱلْأَوَّلُ</abbr>
    </book>
    <book code="2SA">
      <long>صَمُوئِيلَ ٱلثَّانِي</long>
      <short>صَمُوئِيلَ ٱلثَّانِي</short>
      <abbr>صَمُوئِيلَ ٱلثَّانِي</abbr>
    </book>
    <book code="1KI">
      <long>اَلْمُلُوكِ ٱلْأَوَّلُ</long>
      <short>اَلْمُلُوكِ ٱلْأَوَّلُ</short>
      <abbr>اَلْمُلُوكِ ٱلْأَوَّلُ</abbr>
    </book>
    <book code="2KI">
      <long>اَلْمُلُوكِ ٱلثَّانِي</long>
      <short>اَلْمُلُوكِ ٱلثَّانِي</short>
      <abbr>اَلْمُلُوكِ ٱلثَّانِي</abbr>
    </book>
    <book code="1CH">
      <long>أَخْبَارِ ٱلْأَيَّامِ ٱلْأَوَّلُ</long>
      <short>١ أخبار</short>
      <abbr>١ أخبار</abbr>
    </book>
    <book code="2CH">
      <long>أَخْبَارِ ٱلْأَيَّامِ ٱلثَّانِي</long>
      <short>٢ أخبار</short>
      <abbr>٢ أخبار</abbr>
    </book>
    <book code="EZR">
      <long>عَزْرَا</long>
      <short>عَزْرَا</short>
      <abbr>عَزْرَا</abbr>
    </book>
    <book code="NEH">
      <long>نَحَمْيَا</long>
      <short>نَحَمْيَا</short>
      <abbr>نَحَمْيَا</abbr>
    </book>
    <book code="EST">
      <long>أَسْتِير</long>
      <short>أَسْتِير</short>
      <abbr>أَسْتِير</abbr>
    </book>
    <book code="JOB">
      <long>أَيُّوبَ</long>
      <short>أَيُّوبَ</short>
      <abbr>أَيُّوبَ</abbr>
    </book>
    <book code="PSA">
      <long>اَلْمَزَامِيرُ</long>
      <short>اَلْمَزَامِيرُ</short>
      <abbr>اَلْمَزَامِيرُ</abbr>
    </book>
    <book code="PRO">
      <long>أَمْثَالٌ</long>
      <short>أَمْثَالٌ</short>
      <abbr>أَمْثَالٌ</abbr>
    </book>
    <book code="ECC">
      <long>اَلْجَامِعَةِ</long>
      <short>اَلْجَامِعَةِ</short>
      <abbr>اَلْجَامِعَةِ</abbr>
    </book>
    <book code="SNG">
      <long>نَشِيدُ ٱلْأَنْشَادِ</long>
      <short>نَشِيدُ ٱلْأَنْشَادِ</short>
      <abbr>نَشِيدُ ٱلْأَنْشَادِ</abbr>
    </book>
    <book code="ISA">
      <long>إِشَعْيَاءَ</long>
      <short>إِشَعْيَاءَ</short>
      <abbr>إِشَعْيَاءَ</abbr>
    </book>
    <book code="JER">
      <long>إِرْمِيَا</long>
      <short>إِرْمِيَا</short>
      <abbr>إِرْمِيَا</abbr>
    </book>
    <book code="LAM">
      <long>مَرَاثِي إِرْمِيَا</long>
      <short>مَرَاثِي إِرْمِيَا</short>
      <abbr>مَرَاثِي إِرْمِيَا</abbr>
    </book>
    <book code="EZK">
      <long>حِزْقِيَال</long>
      <short>حِزْقِيَال</short>
      <abbr>حِزْقِيَال</abbr>
    </book>
    <book code="DAN">
      <long>دَانِيآل</long>
      <short>دَانِيآل</short>
      <abbr>دَانِيآل</abbr>
    </book>
    <book code="HOS">
      <long>هُوشَع</long>
      <short>هُوشَع</short>
      <abbr>هُوشَع</abbr>
    </book>
    <book code="JOL">
      <long>يُوئِيل</long>
      <short>يُوئِيل</short>
      <abbr>يُوئِيل</abbr>
    </book>
    <book code="AMO">
      <long>عَامُوس</long>
      <short>عَامُوس</short>
      <abbr>عَامُوس</abbr>
    </book>
    <book code="OBA">
      <long>عُوبَدْيَا</long>
      <short>عُوبَدْيَا</short>
      <abbr>عُوبَدْيَا</abbr>
    </book>
    <book code="JON">
      <long>يُونَان</long>
      <short>يُونَان</short>
      <abbr>يُونَان</abbr>
    </book>
    <book code="MIC">
      <long>مِيخَا</long>
      <short>مِيخَا</short>
      <abbr>مِيخَا</abbr>
    </book>
    <book code="NAM">
      <long>نَاحُوم</long>
      <short>نَاحُوم</short>
      <abbr>نَاحُوم</abbr>
    </book>
    <book code="HAB">
      <long>حَبَقُّوق</long>
      <short>حَبَقُّوق</short>
      <abbr>حَبَقُّوق</abbr>
    </book>
    <book code="ZEP">
      <long>صَفَنْيَا</long>
      <short>صَفَنْيَا</short>
      <abbr>صَفَنْيَا</abbr>
    </book>
    <book code="HAG">
      <long>حَجَّي</long>
      <short>حَجَّي</short>
      <abbr>حَجَّي</abbr>
    </book>
    <book code="ZEC">
      <long>زَكَريَّا</long>
      <short>زَكَريَّا</short>
      <abbr>زَكَريَّا</abbr>
    </book>
    <book code="MAL">
      <long>مَلَاخِي</long>
      <short>مَلَاخِي</short>
      <abbr>مَلَاخِي</abbr>
    </book>
    <book code="MAT">
      <long>إِنْجِيلُ مَتَّى</long>
      <short>مَتَّى</short>
      <abbr>مَتَّى</abbr>
    </book>
    <book code="MRK">
      <long>إِنْجِيلُ مَرْقُسَ</long>
      <short>مَرْقُس</short>
      <abbr>مَرْقُس</abbr>
    </book>
    <book code="LUK">
      <long>إِنْجِيلُ لُوقَا</long>
      <short>لُوقا</short>
      <abbr>لُوقا</abbr>
    </book>
    <book code="JHN">
      <long>إِنْجِيلُ يُوحَنَّا</long>
      <short>يوحنَّا</short>
      <abbr>يوحنَّا</abbr>
    </book>
    <book code="ACT">
      <long>أَعْمَالُ ٱلرُّسُلِ</long>
      <short>أعمال</short>
      <abbr>أعمال</abbr>
    </book>
    <book code="ROM">
      <long>رِسَالَةُ بُولُسَ ٱلرَّسُولِ إِلَى أَهْلِ رُومِيَةَ</long>
      <short>رُوما</short>
      <abbr>رُوما</abbr>
    </book>
    <book code="1CO">
      <long>رِسَالَةُ بُولُسَ ٱلرَّسُولِ ٱلأُولَى إِلَى أَهْلِ كُورِنْثُوسَ</long>
      <short>١ كورنثوس</short>
      <abbr>١ كورنثوس</abbr>
    </book>
    <book code="2CO">
      <long>رِسَالَةُ بُولُسَ ٱلرَّسُولِ ٱلثَّانِيةُ إِلَى أَهْلِ كُورِنْثُوسَ</long>
      <short>٢ كورنثوس</short>
      <abbr>٢ كورنثوس</abbr>
    </book>
    <book code="GAL">
      <long>رِسَالَةُ بُولُسَ ٱلرَّسُولِ إِلَى أَهْلِ غَلَاطِيَّةَ</long>
      <short>غَلاطِيَّة</short>
      <abbr>غَلاطِيَّة</abbr>
    </book>
    <book code="EPH">
      <long>رِسَالَةُ بُولُسَ ٱلرَّسُولِ إِلَى أَهْلِ أَفَسُسَ</long>
      <short>أفَسُس</short>
      <abbr>أفَسُس</abbr>
    </book>
    <book code="PHP">
      <long>رِسَالَةُ بُولُسَ ٱلرَّسُولِ إِلَى أَهْلِ فِيلِبِّي</long>
      <short>فِيلِبِّي</short>
      <abbr>فِيلِبِّي</abbr>
    </book>
    <book code="COL">
      <long>رِسَالَةُ بُولُسَ ٱلرَّسُولِ إِلَى أَهْلِ كُولُوسِّي</long>
      <short>كُولُوسِي</short>
      <abbr>كُولُوسِي</abbr>
    </book>
    <book code="1TH">
      <long>رِسَالَةُ بُولُسَ ٱلرَّسُولِ ٱلأُولَى إِلَى أَهْلِ تَسَالُونِيكِي</long>
      <short>١ تسالونيكي</short>
      <abbr>١ تسالونيكي</abbr>
    </book>
    <book code="2TH">
      <long>رِسَالَةُ بُولُسَ ٱلرَّسُولِ ٱلثَّانِيةُ إِلَى أَهْلِ تَسَالُونِيكِي</long>
      <short>٢ تسالونيكي</short>
      <abbr>٢ تسالونيكي</abbr>
    </book>
    <book code="1TI">
      <long>رِسَالَةُ بُولُسَ ٱلرَّسُولِ ٱلْأُولَى إِلَى تِيمُوثَاوُسَ</long>
      <short>١ تيموثاوس</short>
      <abbr>١ تيموثاوس</abbr>
    </book>
    <book code="2TI">
      <long>رِسَالَةُ بُولُسَ ٱلرَّسُولِ ٱلثَّانِيةُ إِلَى تِيمُوثَاوُسَ</long>
      <short>٢ تيموثاوس</short>
      <abbr>٢ تيموثاوس</abbr>
    </book>
    <book code="TIT">
      <long>رِسَالَةُ بُولُسَ ٱلرَّسُولِ إِلَى تِيطُسَ</long>
      <short>تِيطُس</short>
      <abbr>تِيطُس</abbr>
    </book>
    <book code="PHM">
      <long>رِسَالَةُ بُولُسَ ٱلرَّسُولِ إِلَى فِلِيمُونَ</long>
      <short>فِلِيْمُون</short>
      <abbr>فِلِيْمُون</abbr>
    </book>
    <book code="HEB">
      <long>اَلرِّسَالَةُ إِلَى ٱلْعِبْرَانِيِّينَ</long>
      <short>عِبرانِيّين</short>
      <abbr>عِبرانِيّين</abbr>
    </book>
    <book code="JAS">
      <long>رِسَالَةُ يَعْقُوبَ</long>
      <short>يَعقُوب</short>
      <abbr>يَعقُوب</abbr>
    </book>
    <book code="1PE">
      <long>رِسَالَةُ بُطْرُسَ ٱلرَّسُولِ ٱلْأُولَى</long>
      <short>١ بطرس</short>
      <abbr>١ بطرس</abbr>
    </book>
    <book code="2PE">
      <long>رِسَالَةُ بُطْرُسَ ٱلرَّسُولِ ٱلثَّانِيَةُ</long>
      <short>٢ بطرس</short>
      <abbr>٢ بطرس</abbr>
    </book>
    <book code="1JN">
      <long>رِسَالَةُ يُوحَنَّا ٱلرَّسُولِ ٱلْأُولَى</long>
      <short>١ يوحنَّا</short>
      <abbr>١ يوحنَّا</abbr>
    </book>
    <book code="2JN">
      <long>رِسَالَةُ يُوحَنَّا ٱلرَّسُولِ ٱلثَّانِيَةُ</long>
      <short>٢ يوحنَّا</short>
      <abbr>٢ يوحنَّا</abbr>
    </book>
    <book code="3JN">
      <long>رِسَالَةُ يُوحَنَّا ٱلرَّسُولِ ٱلثَّالِثَةُ</long>
      <short>٣ يوحنَّا</short>
      <abbr>٣ يوحنَّا</abbr>
    </book>
    <book code="JUD">
      <long>رِسَالَةُ يَهُوذَا</long>
      <short>يَهُوذا</short>
      <abbr>يَهُوذا</abbr>
    </book>
    <book code="REV">
      <long>رُؤْيَا يُوحَنَّا ٱللَّاهُوتِيِّ</long>
      <short>رُؤيا</short>
      <abbr>رُؤيا</abbr>
    </book>
  </bookNames>
  <contents>
    <bookList default="true" id="1">
      <name>Arabic Van Dyck Bible</name>
      <nameLocal>الكتاب المقدس باللغة العربية، فان دايك</nameLocal>
      <abbreviation>arb-vd</abbreviation>
      <abbreviationLocal>AVD</abbreviationLocal>
      <description>common</description>
      <descriptionLocal />
      <books>
        <book code="GEN" />
        <book code="EXO" />
        <book code="LEV" />
        <book code="NUM" />
        <book code="DEU" />
        <book code="JOS" />
        <book code="JDG" />
        <book code="RUT" />
        <book code="1SA" />
        <book code="2SA" />
        <book code="1KI" />
        <book code="2KI" />
        <book code="1CH" />
        <book code="2CH" />
        <book code="EZR" />
        <book code="NEH" />
        <book code="EST" />
        <book code="JOB" />
        <book code="PSA" />
        <book code="PRO" />
        <book code="ECC" />
        <book code="SNG" />
        <book code="ISA" />
        <book code="JER" />
        <book code="LAM" />
        <book code="EZK" />
        <book code="DAN" />
        <book code="HOS" />
        <book code="JOL" />
        <book code="AMO" />
        <book code="OBA" />
        <book code="JON" />
        <book code="MIC" />
        <book code="NAM" />
        <book code="HAB" />
        <book code="ZEP" />
        <book code="HAG" />
        <book code="ZEC" />
        <book code="MAL" />
        <book code="MAT" />
        <book code="MRK" />
        <book code="LUK" />
        <book code="JHN" />
        <book code="ACT" />
        <book code="ROM" />
        <book code="1CO" />
        <book code="2CO" />
        <book code="GAL" />
        <book code="EPH" />
        <book code="PHP" />
        <book code="COL" />
        <book code="1TH" />
        <book code="2TH" />
        <book code="1TI" />
        <book code="2TI" />
        <book code="TIT" />
        <book code="PHM" />
        <book code="HEB" />
        <book code="JAS" />
        <book code="1PE" />
        <book code="2PE" />
        <book code="1JN" />
        <book code="2JN" />
        <book code="3JN" />
        <book code="JUD" />
        <book code="REV" />
      </books>
    </bookList>
  </contents>
  <copyright>
    <statement contentType="xhtml">
      <p>Public Domain

</p>
    </statement>
  </copyright>
  <promotion>
    <promoVersionInfo contentType="xhtml">
      <p>Public Domain</p>
    </promoVersionInfo>
    <promoEmail contentType="xhtml">Thank you for downloading الكتاب المقدس باللغة العربية، فان دايك! Now you'll have anytime, anywhere access to God's Word on your mobile device—even if 
you're outside of service coverage or not connected to the Internet. It also means faster service whenever you read that version since it's 
stored on your device. Enjoy! This download was made possible by . We really appreciate their passion for making the Bible available to millions of people around the world. Because of 
their generosity, people like you can open up the Bible and hear from God no matter where you are. You can learn more about them at .</promoEmail>
  </promotion>
  <archiveStatus>
    <archivistName />
    <dateArchived />
    <dateUpdated />
    <comments />
  </archiveStatus>
  <format>text/xml</format>
</DBLMetadata>