﻿<?xml version="1.0" encoding="utf-8"?>
<BookNames>
  <book code="GEN" abbr="اَلتَّكْوِينُ" short="اَلتَّكْوِينُ" long="اَلتَّكْوِينُ" alt="" />
  <book code="EXO" abbr="اَلْخُرُوجُ" short="اَلْخُرُوجُ" long="اَلْخُرُوجُ" alt="" />
  <book code="LEV" abbr="اَللَّاوِيِّينَ" short="اَللَّاوِيِّينَ" long="اَللَّاوِيِّينَ" alt="" />
  <book code="NUM" abbr="اَلْعَدَد" short="اَلْعَدَد" long="اَلْعَدَد" alt="" />
  <book code="DEU" abbr="اَلتَّثْنِيَة" short="اَلتَّثْنِيَة" long="اَلتَّثْنِيَة" alt="" />
  <book code="JOS" abbr="يَشُوع" short="يَشُوع" long="يَشُوع" alt="" />
  <book code="JDG" abbr="اَلْقُضَاة" short="اَلْقُضَاة" long="اَلْقُضَاة" alt="" />
  <book code="RUT" abbr="رَاعُوث" short="رَاعُوث" long="رَاعُوث" alt="" />
  <book code="1SA" abbr="صَمُوئِيلَ ٱلْأَوَّلُ" short="صَمُوئِيلَ ٱلْأَوَّلُ" long="صَمُوئِيلَ ٱلْأَوَّلُ" alt="" />
  <book code="2SA" abbr="صَمُوئِيلَ ٱلثَّانِي" short="صَمُوئِيلَ ٱلثَّانِي" long="صَمُوئِيلَ ٱلثَّانِي" alt="" />
  <book code="1KI" abbr="اَلْمُلُوكِ ٱلْأَوَّلُ" short="اَلْمُلُوكِ ٱلْأَوَّلُ" long="اَلْمُلُوكِ ٱلْأَوَّلُ" alt="" />
  <book code="2KI" abbr="اَلْمُلُوكِ ٱلثَّانِي" short="اَلْمُلُوكِ ٱلثَّانِي" long="اَلْمُلُوكِ ٱلثَّانِي" alt="" />
  <book code="1CH" abbr="١ أخبار" short="١ أخبار" long="أَخْبَارِ ٱلْأَيَّامِ ٱلْأَوَّلُ" alt="" />
  <book code="2CH" abbr="٢ أخبار" short="٢ أخبار" long="أَخْبَارِ ٱلْأَيَّامِ ٱلثَّانِي" alt="" />
  <book code="EZR" abbr="عَزْرَا" short="عَزْرَا" long="عَزْرَا" alt="" />
  <book code="NEH" abbr="نَحَمْيَا" short="نَحَمْيَا" long="نَحَمْيَا" alt="" />
  <book code="EST" abbr="أَسْتِير" short="أَسْتِير" long="أَسْتِير" alt="" />
  <book code="JOB" abbr="أَيُّوبَ" short="أَيُّوبَ" long="أَيُّوبَ" alt="" />
  <book code="PSA" abbr="اَلْمَزَامِيرُ" short="اَلْمَزَامِيرُ" long="اَلْمَزَامِيرُ" alt="" />
  <book code="PRO" abbr="أَمْثَالٌ" short="أَمْثَالٌ" long="أَمْثَالٌ" alt="" />
  <book code="ECC" abbr="اَلْجَامِعَةِ" short="اَلْجَامِعَةِ" long="اَلْجَامِعَةِ" alt="" />
  <book code="SNG" abbr="نَشِيدُ ٱلْأَنْشَادِ" short="نَشِيدُ ٱلْأَنْشَادِ" long="نَشِيدُ ٱلْأَنْشَادِ" alt="" />
  <book code="ISA" abbr="إِشَعْيَاءَ" short="إِشَعْيَاءَ" long="إِشَعْيَاءَ" alt="" />
  <book code="JER" abbr="إِرْمِيَا" short="إِرْمِيَا" long="إِرْمِيَا" alt="" />
  <book code="LAM" abbr="مَرَاثِي إِرْمِيَا" short="مَرَاثِي إِرْمِيَا" long="مَرَاثِي إِرْمِيَا" alt="" />
  <book code="EZK" abbr="حِزْقِيَال" short="حِزْقِيَال" long="حِزْقِيَال" alt="" />
  <book code="DAN" abbr="دَانِيآل" short="دَانِيآل" long="دَانِيآل" alt="" />
  <book code="HOS" abbr="هُوشَع" short="هُوشَع" long="هُوشَع" alt="" />
  <book code="JOL" abbr="يُوئِيل" short="يُوئِيل" long="يُوئِيل" alt="" />
  <book code="AMO" abbr="عَامُوس" short="عَامُوس" long="عَامُوس" alt="" />
  <book code="OBA" abbr="عُوبَدْيَا" short="عُوبَدْيَا" long="عُوبَدْيَا" alt="" />
  <book code="JON" abbr="يُونَان" short="يُونَان" long="يُونَان" alt="" />
  <book code="MIC" abbr="مِيخَا" short="مِيخَا" long="مِيخَا" alt="" />
  <book code="NAM" abbr="نَاحُوم" short="نَاحُوم" long="نَاحُوم" alt="" />
  <book code="HAB" abbr="حَبَقُّوق" short="حَبَقُّوق" long="حَبَقُّوق" alt="" />
  <book code="ZEP" abbr="صَفَنْيَا" short="صَفَنْيَا" long="صَفَنْيَا" alt="" />
  <book code="HAG" abbr="حَجَّي" short="حَجَّي" long="حَجَّي" alt="" />
  <book code="ZEC" abbr="زَكَريَّا" short="زَكَريَّا" long="زَكَريَّا" alt="" />
  <book code="MAL" abbr="مَلَاخِي" short="مَلَاخِي" long="مَلَاخِي" alt="" />
  <book code="MAT" abbr="مَتَّى" short="مَتَّى" long="إِنْجِيلُ مَتَّى" alt="" />
  <book code="MRK" abbr="مَرْقُس" short="مَرْقُس" long="إِنْجِيلُ مَرْقُسَ" alt="" />
  <book code="LUK" abbr="لُوقا" short="لُوقا" long="إِنْجِيلُ لُوقَا" alt="" />
  <book code="JHN" abbr="يوحنَّا" short="يوحنَّا" long="إِنْجِيلُ يُوحَنَّا" alt="" />
  <book code="ACT" abbr="أعمال" short="أعمال" long="أَعْمَالُ ٱلرُّسُلِ" alt="" />
  <book code="ROM" abbr="رُوما" short="رُوما" long="رِسَالَةُ بُولُسَ ٱلرَّسُولِ إِلَى أَهْلِ رُومِيَةَ" alt="" />
  <book code="1CO" abbr="١ كورنثوس" short="١ كورنثوس" long="رِسَالَةُ بُولُسَ ٱلرَّسُولِ ٱلأُولَى إِلَى أَهْلِ كُورِنْثُوسَ" alt="" />
  <book code="2CO" abbr="٢ كورنثوس" short="٢ كورنثوس" long="رِسَالَةُ بُولُسَ ٱلرَّسُولِ ٱلثَّانِيةُ إِلَى أَهْلِ كُورِنْثُوسَ" alt="" />
  <book code="GAL" abbr="غَلاطِيَّة" short="غَلاطِيَّة" long="رِسَالَةُ بُولُسَ ٱلرَّسُولِ إِلَى أَهْلِ غَلَاطِيَّةَ" alt="" />
  <book code="EPH" abbr="أفَسُس" short="أفَسُس" long="رِسَالَةُ بُولُسَ ٱلرَّسُولِ إِلَى أَهْلِ أَفَسُسَ" alt="" />
  <book code="PHP" abbr="فِيلِبِّي" short="فِيلِبِّي" long="رِسَالَةُ بُولُسَ ٱلرَّسُولِ إِلَى أَهْلِ فِيلِبِّي" alt="" />
  <book code="COL" abbr="كُولُوسِي" short="كُولُوسِي" long="رِسَالَةُ بُولُسَ ٱلرَّسُولِ إِلَى أَهْلِ كُولُوسِّي" alt="" />
  <book code="1TH" abbr="١ تسالونيكي" short="١ تسالونيكي" long="رِسَالَةُ بُولُسَ ٱلرَّسُولِ ٱلأُولَى إِلَى أَهْلِ تَسَالُونِيكِي" alt="" />
  <book code="2TH" abbr="٢ تسالونيكي" short="٢ تسالونيكي" long="رِسَالَةُ بُولُسَ ٱلرَّسُولِ ٱلثَّانِيةُ إِلَى أَهْلِ تَسَالُونِيكِي" alt="" />
  <book code="1TI" abbr="١ تيموثاوس" short="١ تيموثاوس" long="رِسَالَةُ بُولُسَ ٱلرَّسُولِ ٱلْأُولَى إِلَى تِيمُوثَاوُسَ" alt="" />
  <book code="2TI" abbr="٢ تيموثاوس" short="٢ تيموثاوس" long="رِسَالَةُ بُولُسَ ٱلرَّسُولِ ٱلثَّانِيةُ إِلَى تِيمُوثَاوُسَ" alt="" />
  <book code="TIT" abbr="تِيطُس" short="تِيطُس" long="رِسَالَةُ بُولُسَ ٱلرَّسُولِ إِلَى تِيطُسَ" alt="" />
  <book code="PHM" abbr="فِلِيْمُون" short="فِلِيْمُون" long="رِسَالَةُ بُولُسَ ٱلرَّسُولِ إِلَى فِلِيمُونَ" alt="" />
  <book code="HEB" abbr="عِبرانِيّين" short="عِبرانِيّين" long="اَلرِّسَالَةُ إِلَى ٱلْعِبْرَانِيِّينَ" alt="" />
  <book code="JAS" abbr="يَعقُوب" short="يَعقُوب" long="رِسَالَةُ يَعْقُوبَ" alt="" />
  <book code="1PE" abbr="١ بطرس" short="١ بطرس" long="رِسَالَةُ بُطْرُسَ ٱلرَّسُولِ ٱلْأُولَى" alt="" />
  <book code="2PE" abbr="٢ بطرس" short="٢ بطرس" long="رِسَالَةُ بُطْرُسَ ٱلرَّسُولِ ٱلثَّانِيَةُ" alt="" />
  <book code="1JN" abbr="١ يوحنَّا" short="١ يوحنَّا" long="رِسَالَةُ يُوحَنَّا ٱلرَّسُولِ ٱلْأُولَى" alt="" />
  <book code="2JN" abbr="٢ يوحنَّا" short="٢ يوحنَّا" long="رِسَالَةُ يُوحَنَّا ٱلرَّسُولِ ٱلثَّانِيَةُ" alt="" />
  <book code="3JN" abbr="٣ يوحنَّا" short="٣ يوحنَّا" long="رِسَالَةُ يُوحَنَّا ٱلرَّسُولِ ٱلثَّالِثَةُ" alt="" />
  <book code="JUD" abbr="يَهُوذا" short="يَهُوذا" long="رِسَالَةُ يَهُوذَا" alt="" />
  <book code="REV" abbr="رُؤيا" short="رُؤيا" long="رُؤْيَا يُوحَنَّا ٱللَّاهُوتِيِّ" alt="" />
</BookNames>