﻿<?xml version="1.0" encoding="utf-8"?>
<BookNames>
  <book code="GEN" abbr="Genèse" short="Genèse" long="Le premier livre de Moïse, appelé communément Genèse" alt="" />
  <book code="EXO" abbr="Exode" short="Exode" long="Le second livre de Moïse, appelé communément Exode" alt="" />
  <book code="LEV" abbr="Lévitique" short="Lévitique" long="Le troisième livre de Moïse, appelé communément Lévitique" alt="" />
  <book code="NUM" abbr="Nombres" short="Nombres" long="Le quatrième livre de Moïse, appelé communément Nombres" alt="" />
  <book code="DEU" abbr="Deutéronome" short="Deutéronome" long="Le cinquième livre de Moïse, appelé communément Deutéronome" alt="" />
  <book code="JOS" abbr="Jos" short="Josué" long="Le livre de Josué" alt="" />
  <book code="JDG" abbr="Juges" short="Juges" long="Le livre de Juges" alt="" />
  <book code="RUT" abbr="Ruth" short="Ruth" long="Le livre de Ruth" alt="" />
  <book code="1SA" abbr="1 Samuel" short="1 Samuel" long="Le premier livre de Samuel" alt="" />
  <book code="2SA" abbr="2 Samuel" short="2 Samuel" long="Le deuxième livre de Samuel" alt="" />
  <book code="1KI" abbr="1 R" short="1 Rois" long="Le premier livre des Rois" alt="" />
  <book code="2KI" abbr="2 R" short="2 Rois" long="Le deuxième livre des Rois" alt="" />
  <book code="1CH" abbr="1 Chroniques" short="1 Chroniques" long="Le premier livre des Chroniques" alt="" />
  <book code="2CH" abbr="2 Chroniques" short="2 Chroniques" long="Le deuxième livre des Chroniques" alt="" />
  <book code="EZR" abbr="Esd" short="Esdras" long="Le livre de Esdras" alt="" />
  <book code="NEH" abbr="Néhémie" short="Néhémie" long="Le livre de Néhémie" alt="" />
  <book code="EST" abbr="Est" short="Esther" long="Le livre d’Esther" alt="" />
  <book code="JOB" abbr="Job" short="Job" long="Le livre de Job" alt="" />
  <book code="PSA" abbr="Psaume" short="Psaumes" long="Les Psaumes" alt="" />
  <book code="PRO" abbr="Proverbes" short="Proverbes" long="Les Proverbes" alt="" />
  <book code="ECC" abbr="Eccl" short="Ecclésiaste" long="L’Ecclésiaste ou, Qohélet" alt="" />
  <book code="SNG" abbr="Cantique" short="Cantique" long="Le Cantique des Cantiques" alt="" />
  <book code="ISA" abbr="Ésa" short="Ésaïe" long="Le livre du prophète Ésaïe" alt="" />
  <book code="JER" abbr="Jérémie" short="Jérémie" long="Le livre de Jérémie" alt="" />
  <book code="LAM" abbr="Lamentations" short="Lamentations" long="Les Lamentations de Jérémie" alt="" />
  <book code="EZK" abbr="Ézé" short="Ézéchiel" long="Le livre d’Ézéchiel" alt="" />
  <book code="DAN" abbr="Daniel" short="Daniel" long="Le livre de Daniel" alt="" />
  <book code="HOS" abbr="Os" short="Osée" long="Le livre d’Osée" alt="" />
  <book code="JOL" abbr="Joël" short="Joël" long="Le livre de Joël" alt="" />
  <book code="AMO" abbr="Amo" short="Amos" long="Le livre du prophète Amos" alt="" />
  <book code="OBA" abbr="Abd" short="Abdias" long="Le livre du prophète Abdias" alt="" />
  <book code="JON" abbr="Jonas" short="Jonas" long="Le livre de Jonas" alt="" />
  <book code="MIC" abbr="Michée" short="Michée" long="Le livre de Michée" alt="" />
  <book code="NAM" abbr="Nahoum" short="Nahoum" long="Le livre de Nahoum" alt="" />
  <book code="HAB" abbr="Habacuc" short="Habacuc" long="Le livre de Habacuc" alt="" />
  <book code="ZEP" abbr="Sophonie" short="Sophonie" long="Le livre de Sophonie" alt="" />
  <book code="HAG" abbr="Agg" short="Aggée" long="Le livre du prophète Aggée" alt="" />
  <book code="ZEC" abbr="Zacharie" short="Zacharie" long="Le livre de Zacharie" alt="" />
  <book code="MAL" abbr="Malachie" short="Malachie" long="Le livre de Malachie" alt="" />
  <book code="TOB" abbr="Tobit" short="Tobit" long="Tobit" alt="" />
  <book code="JDT" abbr="Judith" short="Judith" long="Judith" alt="" />
  <book code="ESG" abbr="Esther (grec)" short="Esther (grec)" long="Esther traduit du grec de la Septante" alt="" />
  <book code="WIS" abbr="Sagesse" short="Sagesse" long="La Sagesse de Solomon" alt="" />
  <book code="SIR" abbr="Siracide" short="Siracide" long="La Sagesse de Jésus le fils de Siracide ou Ecclésiaste" alt="" />
  <book code="BAR" abbr="Baruc" short="Baruc" long="Baruc" alt="" />
  <book code="1MA" abbr="1 Maccabeés" short="1 Maccabeés" long="Le premier livre de la Maccabeés" alt="" />
  <book code="2MA" abbr="2 Maccabeés" short="2 Maccabeés" long="Le Deuxième livre des Maccabeés" alt="" />
  <book code="1ES" abbr="1 Esdras" short="1 Esdras" long="Le premier livre d'Esdras" alt="" />
  <book code="MAN" abbr="Manassé" short="Manassé" long="La Prière de Manassé roi de Juda quand il était captif à Babylone" alt="" />
  <book code="PS2" abbr="Psaume 151" short="Psaume 151" long="Psaume 151" alt="" />
  <book code="3MA" abbr="3 Maccabeés" short="3 Maccabeés" long="Le Troisième Livre des Maccabeés" alt="" />
  <book code="2ES" abbr="2 Esdras" short="2 Esdras" long="Le deuxième livre d'Esdras" alt="" />
  <book code="4MA" abbr="4 Maccabeés" short="4 Maccabeés" long="Le quatrième livre des Maccabeés" alt="" />
  <book code="DAG" abbr="Daniel (grec)" short="Daniel (grec)" long="Le livre de Daniel avec des portions grecques" alt="" />
  <book code="MAT" abbr="Matthieu" short="Matthieu" long="La bonne nouvelle selon Matthieu" alt="" />
  <book code="MRK" abbr="Marc" short="Marc" long="La bonne nouvelle selon Marc" alt="" />
  <book code="LUK" abbr="Luc" short="Luc" long="La bonne nouvelle selon Luc" alt="" />
  <book code="JHN" abbr="Jean" short="Jean" long="La bonne nouvelle selon Jean" alt="" />
  <book code="ACT" abbr="Actes" short="Actes" long="Les Actes des Apôtres" alt="" />
  <book code="ROM" abbr="Romains" short="Romains" long="La lettre de Paul aux Romains" alt="" />
  <book code="1CO" abbr="1 Corinthiens" short="1 Corinthiens" long="La première lettre de Paul aux Corinthiens" alt="" />
  <book code="2CO" abbr="2 Corinthiens" short="2 Corinthiens" long="La deuxième lettre de Paul aux Corinthiens" alt="" />
  <book code="GAL" abbr="Galates" short="Galates" long="La lettre de Paul aux Galates" alt="" />
  <book code="EPH" abbr="Éphésiens" short="Éphésiens" long="La lettre de Paul aux Éphésiens" alt="" />
  <book code="PHP" abbr="Philippiens" short="Philippiens" long="La lettre de Paul aux Philippiens" alt="" />
  <book code="COL" abbr="Colossiens" short="Colossiens" long="La lettre de Paul aux Colossiens" alt="" />
  <book code="1TH" abbr="1 Thessaloniciens" short="1 Thessaloniciens" long="La première lettre de Paul aux Thessaloniciens" alt="" />
  <book code="2TH" abbr="2 Thessaloniciens" short="2 Thessaloniciens" long="La deuxième lettre de Paul aux Thessaloniciens" alt="" />
  <book code="1TI" abbr="1 Timothée" short="1 Timothée" long="La première lettre de Paul à Timothée" alt="" />
  <book code="2TI" abbr="2 Timothée" short="2 Timothée" long="La deuxième lettre de Paul à Timothée" alt="" />
  <book code="TIT" abbr="Tite" short="Tite" long="La lettre de Paul à Tite" alt="" />
  <book code="PHM" abbr="Philémon" short="Philémon" long="La lettre de Paul à Philémon" alt="" />
  <book code="HEB" abbr="Hébreux" short="Hébreux" long="La lettre aux Hébreux" alt="" />
  <book code="JAS" abbr="Jacques" short="Jacques" long="La lettre de Jacques" alt="" />
  <book code="1PE" abbr="1 Pierre" short="1 Pierre" long="La première lettre de Pierre" alt="" />
  <book code="2PE" abbr="2 Pierre" short="2 Pierre" long="La deuxième lettre de Pierre" alt="" />
  <book code="1JN" abbr="1 Jean" short="1 Jean" long="La première lettre de Jean" alt="" />
  <book code="2JN" abbr="2 Jean" short="2 Jean" long="La deuxième lettre de Jean" alt="" />
  <book code="3JN" abbr="3 Jean" short="3 Jean" long="La troisième lettre de Jean" alt="" />
  <book code="JUD" abbr="Jude" short="Jude" long="La lettre de Jude" alt="" />
  <book code="REV" abbr="Apocalypse" short="Apocalypse" long="L'Apocalypse à Jean" alt="" />
</BookNames>