﻿<?xml version="1.0" encoding="utf-8"?>
<vernacularParms>
  <scriptureBook ubsAbbreviation="GEN" parm="vernacularFullName">Le premier livre de Moïse, appelé communément Genèse</scriptureBook>
  <scriptureBook ubsAbbreviation="EXO" parm="vernacularFullName">Le second livre de Moïse, appelé communément Exode</scriptureBook>
  <scriptureBook ubsAbbreviation="LEV" parm="vernacularFullName">Le troisième livre de Moïse, appelé communément Lévitique</scriptureBook>
  <scriptureBook ubsAbbreviation="NUM" parm="vernacularFullName">Le quatrième livre de Moïse, appelé communément Nombres</scriptureBook>
  <scriptureBook ubsAbbreviation="DEU" parm="vernacularFullName">Le cinquième livre de Moïse, appelé communément Deutéronome</scriptureBook>
  <scriptureBook ubsAbbreviation="JOS" parm="vernacularFullName">Le livre de Josué</scriptureBook>
  <scriptureBook ubsAbbreviation="JDG" parm="vernacularFullName">Le livre de Juges</scriptureBook>
  <scriptureBook ubsAbbreviation="RUT" parm="vernacularFullName">Le livre de Ruth</scriptureBook>
  <scriptureBook ubsAbbreviation="1SA" parm="vernacularFullName">Le premier livre de Samuel</scriptureBook>
  <scriptureBook ubsAbbreviation="2SA" parm="vernacularFullName">Le deuxième livre de Samuel</scriptureBook>
  <scriptureBook ubsAbbreviation="1KI" parm="vernacularFullName">Le premier livre des Rois</scriptureBook>
  <scriptureBook ubsAbbreviation="2KI" parm="vernacularFullName">Le deuxième livre des Rois</scriptureBook>
  <scriptureBook ubsAbbreviation="1CH" parm="vernacularFullName">Le premier livre des Chroniques</scriptureBook>
  <scriptureBook ubsAbbreviation="2CH" parm="vernacularFullName">Le deuxième livre des Chroniques</scriptureBook>
  <scriptureBook ubsAbbreviation="EZR" parm="vernacularFullName">Le livre de Esdras</scriptureBook>
  <scriptureBook ubsAbbreviation="NEH" parm="vernacularFullName">Le livre de Néhémie</scriptureBook>
  <scriptureBook ubsAbbreviation="EST" parm="vernacularFullName">Le livre d’Esther</scriptureBook>
  <scriptureBook ubsAbbreviation="JOB" parm="vernacularFullName">Le livre de Job</scriptureBook>
  <scriptureBook ubsAbbreviation="PSA" parm="vernacularFullName">Les Psaumes</scriptureBook>
  <scriptureBook ubsAbbreviation="PRO" parm="vernacularFullName">Les Proverbes</scriptureBook>
  <scriptureBook ubsAbbreviation="ECC" parm="vernacularFullName">L’Ecclésiaste ou, Qohélet</scriptureBook>
  <scriptureBook ubsAbbreviation="SNG" parm="vernacularFullName">Le Cantique des Cantiques</scriptureBook>
  <scriptureBook ubsAbbreviation="ISA" parm="vernacularFullName">Le livre du prophète Ésaïe</scriptureBook>
  <scriptureBook ubsAbbreviation="JER" parm="vernacularFullName">Le livre de Jérémie</scriptureBook>
  <scriptureBook ubsAbbreviation="LAM" parm="vernacularFullName">Les Lamentations de Jérémie</scriptureBook>
  <scriptureBook ubsAbbreviation="EZK" parm="vernacularFullName">Le livre d’Ézéchiel</scriptureBook>
  <scriptureBook ubsAbbreviation="DAN" parm="vernacularFullName">Le livre de Daniel</scriptureBook>
  <scriptureBook ubsAbbreviation="HOS" parm="vernacularFullName">Le livre d’Osée</scriptureBook>
  <scriptureBook ubsAbbreviation="JOL" parm="vernacularFullName">Le livre de Joël</scriptureBook>
  <scriptureBook ubsAbbreviation="AMO" parm="vernacularFullName">Le livre du prophète Amos</scriptureBook>
  <scriptureBook ubsAbbreviation="OBA" parm="vernacularFullName">Le livre du prophète Abdias</scriptureBook>
  <scriptureBook ubsAbbreviation="JON" parm="vernacularFullName">Le livre de Jonas</scriptureBook>
  <scriptureBook ubsAbbreviation="MIC" parm="vernacularFullName">Le livre de Michée</scriptureBook>
  <scriptureBook ubsAbbreviation="NAM" parm="vernacularFullName">Le livre de Nahoum</scriptureBook>
  <scriptureBook ubsAbbreviation="HAB" parm="vernacularFullName">Le livre de Habacuc</scriptureBook>
  <scriptureBook ubsAbbreviation="ZEP" parm="vernacularFullName">Le livre de Sophonie</scriptureBook>
  <scriptureBook ubsAbbreviation="HAG" parm="vernacularFullName">Le livre du prophète Aggée</scriptureBook>
  <scriptureBook ubsAbbreviation="ZEC" parm="vernacularFullName">Le livre de Zacharie</scriptureBook>
  <scriptureBook ubsAbbreviation="MAL" parm="vernacularFullName">Le livre de Malachie</scriptureBook>
  <scriptureBook ubsAbbreviation="TOB" parm="vernacularFullName">Tobit</scriptureBook>
  <scriptureBook ubsAbbreviation="JDT" parm="vernacularFullName">Judith</scriptureBook>
  <scriptureBook ubsAbbreviation="ESG" parm="vernacularFullName">Esther traduit du grec de la Septante</scriptureBook>
  <scriptureBook ubsAbbreviation="DAG" parm="vernacularFullName">Le livre de Daniel avec des portions grecques</scriptureBook>
  <scriptureBook ubsAbbreviation="WIS" parm="vernacularFullName">La Sagesse de Solomon</scriptureBook>
  <scriptureBook ubsAbbreviation="SIR" parm="vernacularFullName">La Sagesse de Jésus le fils de Siracide ou Ecclésiaste</scriptureBook>
  <scriptureBook ubsAbbreviation="BAR" parm="vernacularFullName">Baruc</scriptureBook>
  <scriptureBook ubsAbbreviation="1MA" parm="vernacularFullName">Le premier livre de la Maccabeés</scriptureBook>
  <scriptureBook ubsAbbreviation="2MA" parm="vernacularFullName">Le Deuxième livre des Maccabeés</scriptureBook>
  <scriptureBook ubsAbbreviation="1ES" parm="vernacularFullName">Le premier livre d'Esdras</scriptureBook>
  <scriptureBook ubsAbbreviation="MAN" parm="vernacularFullName">La Prière de Manassé roi de Juda quand il était captif à Babylone</scriptureBook>
  <scriptureBook ubsAbbreviation="PS2" parm="vernacularFullName">Psaume 151</scriptureBook>
  <scriptureBook ubsAbbreviation="3MA" parm="vernacularFullName">Le Troisième Livre des Maccabeés</scriptureBook>
  <scriptureBook ubsAbbreviation="2ES" parm="vernacularFullName">Le deuxième livre d'Esdras</scriptureBook>
  <scriptureBook ubsAbbreviation="4MA" parm="vernacularFullName">Le quatrième livre des Maccabeés</scriptureBook>
  <scriptureBook ubsAbbreviation="MAT" parm="vernacularFullName">La bonne nouvelle selon Matthieu</scriptureBook>
  <scriptureBook ubsAbbreviation="MRK" parm="vernacularFullName">La bonne nouvelle selon Marc</scriptureBook>
  <scriptureBook ubsAbbreviation="LUK" parm="vernacularFullName">La bonne nouvelle selon Luc</scriptureBook>
  <scriptureBook ubsAbbreviation="JHN" parm="vernacularFullName">La bonne nouvelle selon Jean</scriptureBook>
  <scriptureBook ubsAbbreviation="ACT" parm="vernacularFullName">Les Actes des Apôtres</scriptureBook>
  <scriptureBook ubsAbbreviation="ROM" parm="vernacularFullName">La lettre de Paul aux Romains</scriptureBook>
  <scriptureBook ubsAbbreviation="1CO" parm="vernacularFullName">La première lettre de Paul aux Corinthiens</scriptureBook>
  <scriptureBook ubsAbbreviation="2CO" parm="vernacularFullName">La deuxième lettre de Paul aux Corinthiens</scriptureBook>
  <scriptureBook ubsAbbreviation="GAL" parm="vernacularFullName">La lettre de Paul aux Galates</scriptureBook>
  <scriptureBook ubsAbbreviation="EPH" parm="vernacularFullName">La lettre de Paul aux Éphésiens</scriptureBook>
  <scriptureBook ubsAbbreviation="PHP" parm="vernacularFullName">La lettre de Paul aux Philippiens</scriptureBook>
  <scriptureBook ubsAbbreviation="COL" parm="vernacularFullName">La lettre de Paul aux Colossiens</scriptureBook>
  <scriptureBook ubsAbbreviation="1TH" parm="vernacularFullName">La première lettre de Paul aux Thessaloniciens</scriptureBook>
  <scriptureBook ubsAbbreviation="2TH" parm="vernacularFullName">La deuxième lettre de Paul aux Thessaloniciens</scriptureBook>
  <scriptureBook ubsAbbreviation="1TI" parm="vernacularFullName">La première lettre de Paul à Timothée</scriptureBook>
  <scriptureBook ubsAbbreviation="2TI" parm="vernacularFullName">La deuxième lettre de Paul à Timothée</scriptureBook>
  <scriptureBook ubsAbbreviation="TIT" parm="vernacularFullName">La lettre de Paul à Tite</scriptureBook>
  <scriptureBook ubsAbbreviation="PHM" parm="vernacularFullName">La lettre de Paul à Philémon</scriptureBook>
  <scriptureBook ubsAbbreviation="HEB" parm="vernacularFullName">La lettre aux Hébreux</scriptureBook>
  <scriptureBook ubsAbbreviation="JAS" parm="vernacularFullName">La lettre de Jacques</scriptureBook>
  <scriptureBook ubsAbbreviation="1PE" parm="vernacularFullName">La première lettre de Pierre</scriptureBook>
  <scriptureBook ubsAbbreviation="2PE" parm="vernacularFullName">La deuxième lettre de Pierre</scriptureBook>
  <scriptureBook ubsAbbreviation="1JN" parm="vernacularFullName">La première lettre de Jean</scriptureBook>
  <scriptureBook ubsAbbreviation="2JN" parm="vernacularFullName">La deuxième lettre de Jean</scriptureBook>
  <scriptureBook ubsAbbreviation="3JN" parm="vernacularFullName">La troisième lettre de Jean</scriptureBook>
  <scriptureBook ubsAbbreviation="JUD" parm="vernacularFullName">La lettre de Jude</scriptureBook>
  <scriptureBook ubsAbbreviation="REV" parm="vernacularFullName">L'Apocalypse à Jean</scriptureBook>
  <scriptureBook ubsAbbreviation="GEN" parm="vernacularAbbreviatedName">Genèse</scriptureBook>
  <scriptureBook ubsAbbreviation="EXO" parm="vernacularAbbreviatedName">Exode</scriptureBook>
  <scriptureBook ubsAbbreviation="LEV" parm="vernacularAbbreviatedName">Lévitique</scriptureBook>
  <scriptureBook ubsAbbreviation="NUM" parm="vernacularAbbreviatedName">Nombres</scriptureBook>
  <scriptureBook ubsAbbreviation="DEU" parm="vernacularAbbreviatedName">Deutéronome</scriptureBook>
  <scriptureBook ubsAbbreviation="JOS" parm="vernacularAbbreviatedName">Josué</scriptureBook>
  <scriptureBook ubsAbbreviation="JDG" parm="vernacularAbbreviatedName">Juges</scriptureBook>
  <scriptureBook ubsAbbreviation="RUT" parm="vernacularAbbreviatedName">Ruth</scriptureBook>
  <scriptureBook ubsAbbreviation="1SA" parm="vernacularAbbreviatedName">1 Samuel</scriptureBook>
  <scriptureBook ubsAbbreviation="2SA" parm="vernacularAbbreviatedName">2 Samuel</scriptureBook>
  <scriptureBook ubsAbbreviation="1KI" parm="vernacularAbbreviatedName">1 Rois</scriptureBook>
  <scriptureBook ubsAbbreviation="2KI" parm="vernacularAbbreviatedName">2 Rois</scriptureBook>
  <scriptureBook ubsAbbreviation="1CH" parm="vernacularAbbreviatedName">1 Chroniques</scriptureBook>
  <scriptureBook ubsAbbreviation="2CH" parm="vernacularAbbreviatedName">2 Chroniques</scriptureBook>
  <scriptureBook ubsAbbreviation="EZR" parm="vernacularAbbreviatedName">Esdras</scriptureBook>
  <scriptureBook ubsAbbreviation="NEH" parm="vernacularAbbreviatedName">Néhémie</scriptureBook>
  <scriptureBook ubsAbbreviation="EST" parm="vernacularAbbreviatedName">Esther</scriptureBook>
  <scriptureBook ubsAbbreviation="JOB" parm="vernacularAbbreviatedName">Job</scriptureBook>
  <scriptureBook ubsAbbreviation="PSA" parm="vernacularAbbreviatedName">Psaumes</scriptureBook>
  <scriptureBook ubsAbbreviation="PRO" parm="vernacularAbbreviatedName">Proverbes</scriptureBook>
  <scriptureBook ubsAbbreviation="ECC" parm="vernacularAbbreviatedName">Ecclésiaste</scriptureBook>
  <scriptureBook ubsAbbreviation="SNG" parm="vernacularAbbreviatedName">Cantique</scriptureBook>
  <scriptureBook ubsAbbreviation="ISA" parm="vernacularAbbreviatedName">Ésaïe</scriptureBook>
  <scriptureBook ubsAbbreviation="JER" parm="vernacularAbbreviatedName">Jérémie</scriptureBook>
  <scriptureBook ubsAbbreviation="LAM" parm="vernacularAbbreviatedName">Lamentations</scriptureBook>
  <scriptureBook ubsAbbreviation="EZK" parm="vernacularAbbreviatedName">Ézéchiel</scriptureBook>
  <scriptureBook ubsAbbreviation="DAN" parm="vernacularAbbreviatedName">Daniel</scriptureBook>
  <scriptureBook ubsAbbreviation="HOS" parm="vernacularAbbreviatedName">Osée</scriptureBook>
  <scriptureBook ubsAbbreviation="JOL" parm="vernacularAbbreviatedName">Joël</scriptureBook>
  <scriptureBook ubsAbbreviation="AMO" parm="vernacularAbbreviatedName">Amos</scriptureBook>
  <scriptureBook ubsAbbreviation="OBA" parm="vernacularAbbreviatedName">Abdias</scriptureBook>
  <scriptureBook ubsAbbreviation="JON" parm="vernacularAbbreviatedName">Jonas</scriptureBook>
  <scriptureBook ubsAbbreviation="MIC" parm="vernacularAbbreviatedName">Michée</scriptureBook>
  <scriptureBook ubsAbbreviation="NAM" parm="vernacularAbbreviatedName">Nahoum</scriptureBook>
  <scriptureBook ubsAbbreviation="HAB" parm="vernacularAbbreviatedName">Habacuc</scriptureBook>
  <scriptureBook ubsAbbreviation="ZEP" parm="vernacularAbbreviatedName">Sophonie</scriptureBook>
  <scriptureBook ubsAbbreviation="HAG" parm="vernacularAbbreviatedName">Aggée</scriptureBook>
  <scriptureBook ubsAbbreviation="ZEC" parm="vernacularAbbreviatedName">Zacharie</scriptureBook>
  <scriptureBook ubsAbbreviation="MAL" parm="vernacularAbbreviatedName">Malachie</scriptureBook>
  <scriptureBook ubsAbbreviation="TOB" parm="vernacularAbbreviatedName">Tobit</scriptureBook>
  <scriptureBook ubsAbbreviation="JDT" parm="vernacularAbbreviatedName">Judith</scriptureBook>
  <scriptureBook ubsAbbreviation="ESG" parm="vernacularAbbreviatedName">Esther (grec)</scriptureBook>
  <scriptureBook ubsAbbreviation="DAG" parm="vernacularAbbreviatedName">Daniel (grec)</scriptureBook>
  <scriptureBook ubsAbbreviation="WIS" parm="vernacularAbbreviatedName">Sagesse</scriptureBook>
  <scriptureBook ubsAbbreviation="SIR" parm="vernacularAbbreviatedName">Siracide</scriptureBook>
  <scriptureBook ubsAbbreviation="BAR" parm="vernacularAbbreviatedName">Baruc</scriptureBook>
  <scriptureBook ubsAbbreviation="1MA" parm="vernacularAbbreviatedName">1 Maccabeés</scriptureBook>
  <scriptureBook ubsAbbreviation="2MA" parm="vernacularAbbreviatedName">2 Maccabeés</scriptureBook>
  <scriptureBook ubsAbbreviation="1ES" parm="vernacularAbbreviatedName">1 Esdras</scriptureBook>
  <scriptureBook ubsAbbreviation="MAN" parm="vernacularAbbreviatedName">Manassé</scriptureBook>
  <scriptureBook ubsAbbreviation="PS2" parm="vernacularAbbreviatedName">Psaume 151</scriptureBook>
  <scriptureBook ubsAbbreviation="3MA" parm="vernacularAbbreviatedName">3 Maccabeés</scriptureBook>
  <scriptureBook ubsAbbreviation="2ES" parm="vernacularAbbreviatedName">2 Esdras</scriptureBook>
  <scriptureBook ubsAbbreviation="4MA" parm="vernacularAbbreviatedName">4 Maccabeés</scriptureBook>
  <scriptureBook ubsAbbreviation="MAT" parm="vernacularAbbreviatedName">Matthieu</scriptureBook>
  <scriptureBook ubsAbbreviation="MRK" parm="vernacularAbbreviatedName">Marc</scriptureBook>
  <scriptureBook ubsAbbreviation="LUK" parm="vernacularAbbreviatedName">Luc</scriptureBook>
  <scriptureBook ubsAbbreviation="JHN" parm="vernacularAbbreviatedName">Jean</scriptureBook>
  <scriptureBook ubsAbbreviation="ACT" parm="vernacularAbbreviatedName">Actes</scriptureBook>
  <scriptureBook ubsAbbreviation="ROM" parm="vernacularAbbreviatedName">Romains</scriptureBook>
  <scriptureBook ubsAbbreviation="1CO" parm="vernacularAbbreviatedName">1 Corinthiens</scriptureBook>
  <scriptureBook ubsAbbreviation="2CO" parm="vernacularAbbreviatedName">2 Corinthiens</scriptureBook>
  <scriptureBook ubsAbbreviation="GAL" parm="vernacularAbbreviatedName">Galates</scriptureBook>
  <scriptureBook ubsAbbreviation="EPH" parm="vernacularAbbreviatedName">Éphésiens</scriptureBook>
  <scriptureBook ubsAbbreviation="PHP" parm="vernacularAbbreviatedName">Philippiens</scriptureBook>
  <scriptureBook ubsAbbreviation="COL" parm="vernacularAbbreviatedName">Colossiens</scriptureBook>
  <scriptureBook ubsAbbreviation="1TH" parm="vernacularAbbreviatedName">1 Thessaloniciens</scriptureBook>
  <scriptureBook ubsAbbreviation="2TH" parm="vernacularAbbreviatedName">2 Thessaloniciens</scriptureBook>
  <scriptureBook ubsAbbreviation="1TI" parm="vernacularAbbreviatedName">1 Timothée</scriptureBook>
  <scriptureBook ubsAbbreviation="2TI" parm="vernacularAbbreviatedName">2 Timothée</scriptureBook>
  <scriptureBook ubsAbbreviation="TIT" parm="vernacularAbbreviatedName">Tite</scriptureBook>
  <scriptureBook ubsAbbreviation="PHM" parm="vernacularAbbreviatedName">Philémon</scriptureBook>
  <scriptureBook ubsAbbreviation="HEB" parm="vernacularAbbreviatedName">Hébreux</scriptureBook>
  <scriptureBook ubsAbbreviation="JAS" parm="vernacularAbbreviatedName">Jacques</scriptureBook>
  <scriptureBook ubsAbbreviation="1PE" parm="vernacularAbbreviatedName">1 Pierre</scriptureBook>
  <scriptureBook ubsAbbreviation="2PE" parm="vernacularAbbreviatedName">2 Pierre</scriptureBook>
  <scriptureBook ubsAbbreviation="1JN" parm="vernacularAbbreviatedName">1 Jean</scriptureBook>
  <scriptureBook ubsAbbreviation="2JN" parm="vernacularAbbreviatedName">2 Jean</scriptureBook>
  <scriptureBook ubsAbbreviation="3JN" parm="vernacularAbbreviatedName">3 Jean</scriptureBook>
  <scriptureBook ubsAbbreviation="JUD" parm="vernacularAbbreviatedName">Jude</scriptureBook>
  <scriptureBook ubsAbbreviation="REV" parm="vernacularAbbreviatedName">Apocalypse</scriptureBook>
  <scriptureBook ubsAbbreviation="GEN" parm="vernacularBookAbbreviation">Genèse</scriptureBook>
  <scriptureBook ubsAbbreviation="EXO" parm="vernacularBookAbbreviation">Exode</scriptureBook>
  <scriptureBook ubsAbbreviation="LEV" parm="vernacularBookAbbreviation">Lévitique</scriptureBook>
  <scriptureBook ubsAbbreviation="NUM" parm="vernacularBookAbbreviation">Nombres</scriptureBook>
  <scriptureBook ubsAbbreviation="DEU" parm="vernacularBookAbbreviation">Deutéronome</scriptureBook>
  <scriptureBook ubsAbbreviation="JOS" parm="vernacularBookAbbreviation">Jos</scriptureBook>
  <scriptureBook ubsAbbreviation="JDG" parm="vernacularBookAbbreviation">Juges</scriptureBook>
  <scriptureBook ubsAbbreviation="RUT" parm="vernacularBookAbbreviation">Ruth</scriptureBook>
  <scriptureBook ubsAbbreviation="1SA" parm="vernacularBookAbbreviation">1 Samuel</scriptureBook>
  <scriptureBook ubsAbbreviation="2SA" parm="vernacularBookAbbreviation">2 Samuel</scriptureBook>
  <scriptureBook ubsAbbreviation="1KI" parm="vernacularBookAbbreviation">1 R</scriptureBook>
  <scriptureBook ubsAbbreviation="2KI" parm="vernacularBookAbbreviation">2 R</scriptureBook>
  <scriptureBook ubsAbbreviation="1CH" parm="vernacularBookAbbreviation">1 Chroniques</scriptureBook>
  <scriptureBook ubsAbbreviation="2CH" parm="vernacularBookAbbreviation">2 Chroniques</scriptureBook>
  <scriptureBook ubsAbbreviation="EZR" parm="vernacularBookAbbreviation">Esd</scriptureBook>
  <scriptureBook ubsAbbreviation="NEH" parm="vernacularBookAbbreviation">Néhémie</scriptureBook>
  <scriptureBook ubsAbbreviation="EST" parm="vernacularBookAbbreviation">Est</scriptureBook>
  <scriptureBook ubsAbbreviation="JOB" parm="vernacularBookAbbreviation">Job</scriptureBook>
  <scriptureBook ubsAbbreviation="PSA" parm="vernacularBookAbbreviation">Psaume</scriptureBook>
  <scriptureBook ubsAbbreviation="PRO" parm="vernacularBookAbbreviation">Proverbes</scriptureBook>
  <scriptureBook ubsAbbreviation="ECC" parm="vernacularBookAbbreviation">Eccl</scriptureBook>
  <scriptureBook ubsAbbreviation="SNG" parm="vernacularBookAbbreviation">Cantique</scriptureBook>
  <scriptureBook ubsAbbreviation="ISA" parm="vernacularBookAbbreviation">Ésa</scriptureBook>
  <scriptureBook ubsAbbreviation="JER" parm="vernacularBookAbbreviation">Jérémie</scriptureBook>
  <scriptureBook ubsAbbreviation="LAM" parm="vernacularBookAbbreviation">Lamentations</scriptureBook>
  <scriptureBook ubsAbbreviation="EZK" parm="vernacularBookAbbreviation">Ézé</scriptureBook>
  <scriptureBook ubsAbbreviation="DAN" parm="vernacularBookAbbreviation">Daniel</scriptureBook>
  <scriptureBook ubsAbbreviation="HOS" parm="vernacularBookAbbreviation">Os</scriptureBook>
  <scriptureBook ubsAbbreviation="JOL" parm="vernacularBookAbbreviation">Joël</scriptureBook>
  <scriptureBook ubsAbbreviation="AMO" parm="vernacularBookAbbreviation">Amo</scriptureBook>
  <scriptureBook ubsAbbreviation="OBA" parm="vernacularBookAbbreviation">Abd</scriptureBook>
  <scriptureBook ubsAbbreviation="JON" parm="vernacularBookAbbreviation">Jonas</scriptureBook>
  <scriptureBook ubsAbbreviation="MIC" parm="vernacularBookAbbreviation">Michée</scriptureBook>
  <scriptureBook ubsAbbreviation="NAM" parm="vernacularBookAbbreviation">Nahoum</scriptureBook>
  <scriptureBook ubsAbbreviation="HAB" parm="vernacularBookAbbreviation">Habacuc</scriptureBook>
  <scriptureBook ubsAbbreviation="ZEP" parm="vernacularBookAbbreviation">Sophonie</scriptureBook>
  <scriptureBook ubsAbbreviation="HAG" parm="vernacularBookAbbreviation">Agg</scriptureBook>
  <scriptureBook ubsAbbreviation="ZEC" parm="vernacularBookAbbreviation">Zacharie</scriptureBook>
  <scriptureBook ubsAbbreviation="MAL" parm="vernacularBookAbbreviation">Malachie</scriptureBook>
  <scriptureBook ubsAbbreviation="TOB" parm="vernacularBookAbbreviation">Tobit</scriptureBook>
  <scriptureBook ubsAbbreviation="JDT" parm="vernacularBookAbbreviation">Judith</scriptureBook>
  <scriptureBook ubsAbbreviation="ESG" parm="vernacularBookAbbreviation">Esther (grec)</scriptureBook>
  <scriptureBook ubsAbbreviation="DAG" parm="vernacularBookAbbreviation">Daniel (grec)</scriptureBook>
  <scriptureBook ubsAbbreviation="WIS" parm="vernacularBookAbbreviation">Sagesse</scriptureBook>
  <scriptureBook ubsAbbreviation="SIR" parm="vernacularBookAbbreviation">Siracide</scriptureBook>
  <scriptureBook ubsAbbreviation="BAR" parm="vernacularBookAbbreviation">Baruc</scriptureBook>
  <scriptureBook ubsAbbreviation="1MA" parm="vernacularBookAbbreviation">1 Maccabeés</scriptureBook>
  <scriptureBook ubsAbbreviation="2MA" parm="vernacularBookAbbreviation">2 Maccabeés</scriptureBook>
  <scriptureBook ubsAbbreviation="1ES" parm="vernacularBookAbbreviation">1 Esdras</scriptureBook>
  <scriptureBook ubsAbbreviation="MAN" parm="vernacularBookAbbreviation">Manassé</scriptureBook>
  <scriptureBook ubsAbbreviation="PS2" parm="vernacularBookAbbreviation">Psaume 151</scriptureBook>
  <scriptureBook ubsAbbreviation="3MA" parm="vernacularBookAbbreviation">3 Maccabeés</scriptureBook>
  <scriptureBook ubsAbbreviation="2ES" parm="vernacularBookAbbreviation">2 Esdras</scriptureBook>
  <scriptureBook ubsAbbreviation="4MA" parm="vernacularBookAbbreviation">4 Maccabeés</scriptureBook>
  <scriptureBook ubsAbbreviation="MAT" parm="vernacularBookAbbreviation">Matthieu</scriptureBook>
  <scriptureBook ubsAbbreviation="MRK" parm="vernacularBookAbbreviation">Marc</scriptureBook>
  <scriptureBook ubsAbbreviation="LUK" parm="vernacularBookAbbreviation">Luc</scriptureBook>
  <scriptureBook ubsAbbreviation="JHN" parm="vernacularBookAbbreviation">Jean</scriptureBook>
  <scriptureBook ubsAbbreviation="ACT" parm="vernacularBookAbbreviation">Actes</scriptureBook>
  <scriptureBook ubsAbbreviation="ROM" parm="vernacularBookAbbreviation">Romains</scriptureBook>
  <scriptureBook ubsAbbreviation="1CO" parm="vernacularBookAbbreviation">1 Corinthiens</scriptureBook>
  <scriptureBook ubsAbbreviation="2CO" parm="vernacularBookAbbreviation">2 Corinthiens</scriptureBook>
  <scriptureBook ubsAbbreviation="GAL" parm="vernacularBookAbbreviation">Galates</scriptureBook>
  <scriptureBook ubsAbbreviation="EPH" parm="vernacularBookAbbreviation">Éphésiens</scriptureBook>
  <scriptureBook ubsAbbreviation="PHP" parm="vernacularBookAbbreviation">Philippiens</scriptureBook>
  <scriptureBook ubsAbbreviation="COL" parm="vernacularBookAbbreviation">Colossiens</scriptureBook>
  <scriptureBook ubsAbbreviation="1TH" parm="vernacularBookAbbreviation">1 Thessaloniciens</scriptureBook>
  <scriptureBook ubsAbbreviation="2TH" parm="vernacularBookAbbreviation">2 Thessaloniciens</scriptureBook>
  <scriptureBook ubsAbbreviation="1TI" parm="vernacularBookAbbreviation">1 Timothée</scriptureBook>
  <scriptureBook ubsAbbreviation="2TI" parm="vernacularBookAbbreviation">2 Timothée</scriptureBook>
  <scriptureBook ubsAbbreviation="TIT" parm="vernacularBookAbbreviation">Tite</scriptureBook>
  <scriptureBook ubsAbbreviation="PHM" parm="vernacularBookAbbreviation">Philémon</scriptureBook>
  <scriptureBook ubsAbbreviation="HEB" parm="vernacularBookAbbreviation">Hébreux</scriptureBook>
  <scriptureBook ubsAbbreviation="JAS" parm="vernacularBookAbbreviation">Jacques</scriptureBook>
  <scriptureBook ubsAbbreviation="1PE" parm="vernacularBookAbbreviation">1 Pierre</scriptureBook>
  <scriptureBook ubsAbbreviation="2PE" parm="vernacularBookAbbreviation">2 Pierre</scriptureBook>
  <scriptureBook ubsAbbreviation="1JN" parm="vernacularBookAbbreviation">1 Jean</scriptureBook>
  <scriptureBook ubsAbbreviation="2JN" parm="vernacularBookAbbreviation">2 Jean</scriptureBook>
  <scriptureBook ubsAbbreviation="3JN" parm="vernacularBookAbbreviation">3 Jean</scriptureBook>
  <scriptureBook ubsAbbreviation="JUD" parm="vernacularBookAbbreviation">Jude</scriptureBook>
  <scriptureBook ubsAbbreviation="REV" parm="vernacularBookAbbreviation">Apocalypse</scriptureBook>
  <dcMeta xmlns:xsi="http://www.w3.org/2001/XMLSchema-instance" xsi:schemaLocation="http://dublincore.org/schemas/xmls/qdc/2008/02/11/dc.xsd" xmlns:dc="http://purl.org/dc/elements/1.1/">
    <dc:creator>David Williams</dc:creator>
    <dc:contributor>Michael Paul Johnson</dc:contributor>
    <dc:title>Sainte Bible libre pour le monde</dc:title>
    <dc:description>The Holy Bible in French, Sainte Bible Libre pour le monde translation</dc:description>
    <dc:date>2024-02-22</dc:date>
    <dc:format>digital</dc:format>
    <dc:language>fra</dc:language>
    <dc:publisher>eBible.org</dc:publisher>
    <dc:rights>Public Domain&lt;a href="https://creativecommons.org/publicdomain/zero/1.0/deed.fr"&gt;Domaine Public&lt;/a&gt;&lt;br/&gt;
Il s'agit d'un brouillon de traduction. Il est en cours de relecture et d'édition. Si vous trouvez des erreurs, veuillez nous en informer à &lt;a href="https://eBible.org/cgi-bin/contact.cgi"&gt;https://eBible.org/cgi-bin/contact.cgi&lt;/a&gt;.&lt;br/&gt;
This is a draft translation. It is being proofread and edited. If you find errors, please let us know at &lt;a href="https://eBible.org/cgi-bin/contact.cgi"&gt;https://eBible.org/cgi-bin/contact.cgi&lt;/a&gt;.</dc:rights>
    <dc:identifier />
    <dc:type />
  </dcMeta>
  <numberSystem>Default</numberSystem>
  <chapterAndVerseSeparator>.</chapterAndVerseSeparator>
  <rangeSeparator>-</rangeSeparator>
  <multiRefSameChapterSeparator>,</multiRefSameChapterSeparator>
  <multiRefDifferentChapterSeparator>;</multiRefDifferentChapterSeparator>
  <verseNumberLocation>Begin</verseNumberLocation>
  <footnoteMarkerStyle>Circulate</footnoteMarkerStyle>
  <footnoteMarkerResetAt>Book</footnoteMarkerResetAt>
  <footnoteMarkers>* † ‡ §</footnoteMarkers>
  <BookSourceForMarkerXt>ShortName</BookSourceForMarkerXt>
  <BookSourceForMarkerR>ShortName</BookSourceForMarkerR>
  <iso>fra</iso>
  <isoVariant />
  <langName>français</langName>
  <textDir>ltr</textDir>
  <hasNotes>True</hasNotes>
  <coverTitle>Sainte Bible libre pour le monde</coverTitle>
</vernacularParms>