﻿<?xml version="1.0" encoding="utf-8"?>
<DBLMetadata id="" type="text" typeVersion="1.5">
  <identification>
    <name>French Free Holy Bible for the World</name>
    <nameLocal>Sainte Bible libre pour le monde</nameLocal>
    <abbreviation>frasbl</abbreviation>
    <abbreviationLocal>SBL</abbreviationLocal>
    <scope>Bible with Deuterocanon</scope>
    <description>The Holy Bible in French, Sainte Bible Libre pour le monde translation</description>
    <dateCompleted>2022</dateCompleted>
    <systemId fullname="French Free Holy Bible for the World" name="" type="paratext" />
    <bundleProducer />
  </identification>
  <confidential>false</confidential>
  <language>
    <iso>fra</iso>
    <name>French</name>
    <nameLocal>français</nameLocal>
    <ldml />
    <rod />
    <script>Latin</script>
    <scriptDirection>LTR</scriptDirection>
    <numerals>Arabic</numerals>
  </language>
  <country>
    <iso>FR</iso>
    <name>France</name>
  </country>
  <type>
    <translationType>New</translationType>
    <audience>Common</audience>
  </type>
  <bookNames>
    <book code="GEN">
      <long>Le premier livre de Moïse, appelé communément Genèse</long>
      <short>Genèse</short>
      <abbr>Genèse</abbr>
    </book>
    <book code="EXO">
      <long>Le second livre de Moïse, appelé communément Exode</long>
      <short>Exode</short>
      <abbr>Exode</abbr>
    </book>
    <book code="LEV">
      <long>Le troisième livre de Moïse, appelé communément Lévitique</long>
      <short>Lévitique</short>
      <abbr>Lévitique</abbr>
    </book>
    <book code="NUM">
      <long>Le quatrième livre de Moïse, appelé communément Nombres</long>
      <short>Nombres</short>
      <abbr>Nombres</abbr>
    </book>
    <book code="DEU">
      <long>Le cinquième livre de Moïse, appelé communément Deutéronome</long>
      <short>Deutéronome</short>
      <abbr>Deutéronome</abbr>
    </book>
    <book code="JOS">
      <long>Le livre de Josué</long>
      <short>Josué</short>
      <abbr>Jos</abbr>
    </book>
    <book code="JDG">
      <long>Le livre de Juges</long>
      <short>Juges</short>
      <abbr>Juges</abbr>
    </book>
    <book code="RUT">
      <long>Le livre de Ruth</long>
      <short>Ruth</short>
      <abbr>Ruth</abbr>
    </book>
    <book code="1SA">
      <long>Le premier livre de Samuel</long>
      <short>1 Samuel</short>
      <abbr>1 Samuel</abbr>
    </book>
    <book code="2SA">
      <long>Le deuxième livre de Samuel</long>
      <short>2 Samuel</short>
      <abbr>2 Samuel</abbr>
    </book>
    <book code="1KI">
      <long>Le premier livre des Rois</long>
      <short>1 Rois</short>
      <abbr>1 R</abbr>
    </book>
    <book code="2KI">
      <long>Le deuxième livre des Rois</long>
      <short>2 Rois</short>
      <abbr>2 R</abbr>
    </book>
    <book code="1CH">
      <long>Le premier livre des Chroniques</long>
      <short>1 Chroniques</short>
      <abbr>1 Chroniques</abbr>
    </book>
    <book code="2CH">
      <long>Le deuxième livre des Chroniques</long>
      <short>2 Chroniques</short>
      <abbr>2 Chroniques</abbr>
    </book>
    <book code="EZR">
      <long>Le livre de Esdras</long>
      <short>Esdras</short>
      <abbr>Esd</abbr>
    </book>
    <book code="NEH">
      <long>Le livre de Néhémie</long>
      <short>Néhémie</short>
      <abbr>Néhémie</abbr>
    </book>
    <book code="EST">
      <long>Le livre d’Esther</long>
      <short>Esther</short>
      <abbr>Est</abbr>
    </book>
    <book code="JOB">
      <long>Le livre de Job</long>
      <short>Job</short>
      <abbr>Job</abbr>
    </book>
    <book code="PSA">
      <long>Les Psaumes</long>
      <short>Psaumes</short>
      <abbr>Psaume</abbr>
    </book>
    <book code="PRO">
      <long>Les Proverbes</long>
      <short>Proverbes</short>
      <abbr>Proverbes</abbr>
    </book>
    <book code="ECC">
      <long>L’Ecclésiaste ou, Qohélet</long>
      <short>Ecclésiaste</short>
      <abbr>Eccl</abbr>
    </book>
    <book code="SNG">
      <long>Le Cantique des Cantiques</long>
      <short>Cantique</short>
      <abbr>Cantique</abbr>
    </book>
    <book code="ISA">
      <long>Le livre du prophète Ésaïe</long>
      <short>Ésaïe</short>
      <abbr>Ésa</abbr>
    </book>
    <book code="JER">
      <long>Le livre de Jérémie</long>
      <short>Jérémie</short>
      <abbr>Jérémie</abbr>
    </book>
    <book code="LAM">
      <long>Les Lamentations de Jérémie</long>
      <short>Lamentations</short>
      <abbr>Lamentations</abbr>
    </book>
    <book code="EZK">
      <long>Le livre d’Ézéchiel</long>
      <short>Ézéchiel</short>
      <abbr>Ézé</abbr>
    </book>
    <book code="DAN">
      <long>Le livre de Daniel</long>
      <short>Daniel</short>
      <abbr>Daniel</abbr>
    </book>
    <book code="HOS">
      <long>Le livre d’Osée</long>
      <short>Osée</short>
      <abbr>Os</abbr>
    </book>
    <book code="JOL">
      <long>Le livre de Joël</long>
      <short>Joël</short>
      <abbr>Joël</abbr>
    </book>
    <book code="AMO">
      <long>Le livre du prophète Amos</long>
      <short>Amos</short>
      <abbr>Amo</abbr>
    </book>
    <book code="OBA">
      <long>Le livre du prophète Abdias</long>
      <short>Abdias</short>
      <abbr>Abd</abbr>
    </book>
    <book code="JON">
      <long>Le livre de Jonas</long>
      <short>Jonas</short>
      <abbr>Jonas</abbr>
    </book>
    <book code="MIC">
      <long>Le livre de Michée</long>
      <short>Michée</short>
      <abbr>Michée</abbr>
    </book>
    <book code="NAM">
      <long>Le livre de Nahoum</long>
      <short>Nahoum</short>
      <abbr>Nahoum</abbr>
    </book>
    <book code="HAB">
      <long>Le livre de Habacuc</long>
      <short>Habacuc</short>
      <abbr>Habacuc</abbr>
    </book>
    <book code="ZEP">
      <long>Le livre de Sophonie</long>
      <short>Sophonie</short>
      <abbr>Sophonie</abbr>
    </book>
    <book code="HAG">
      <long>Le livre du prophète Aggée</long>
      <short>Aggée</short>
      <abbr>Agg</abbr>
    </book>
    <book code="ZEC">
      <long>Le livre de Zacharie</long>
      <short>Zacharie</short>
      <abbr>Zacharie</abbr>
    </book>
    <book code="MAL">
      <long>Le livre de Malachie</long>
      <short>Malachie</short>
      <abbr>Malachie</abbr>
    </book>
    <book code="TOB">
      <long>Tobit</long>
      <short>Tobit</short>
      <abbr>Tobit</abbr>
    </book>
    <book code="JDT">
      <long>Judith</long>
      <short>Judith</short>
      <abbr>Judith</abbr>
    </book>
    <book code="ESG">
      <long>Esther traduit du grec de la Septante</long>
      <short>Esther (grec)</short>
      <abbr>Esther (grec)</abbr>
    </book>
    <book code="DAG">
      <long>Le livre de Daniel avec des portions grecques</long>
      <short>Daniel (grec)</short>
      <abbr>Daniel (grec)</abbr>
    </book>
    <book code="WIS">
      <long>La Sagesse de Solomon</long>
      <short>Sagesse</short>
      <abbr>Sagesse</abbr>
    </book>
    <book code="SIR">
      <long>La Sagesse de Jésus le fils de Siracide ou Ecclésiaste</long>
      <short>Siracide</short>
      <abbr>Siracide</abbr>
    </book>
    <book code="BAR">
      <long>Baruc</long>
      <short>Baruc</short>
      <abbr>Baruc</abbr>
    </book>
    <book code="1MA">
      <long>Le premier livre de la Maccabeés</long>
      <short>1 Maccabeés</short>
      <abbr>1 Maccabeés</abbr>
    </book>
    <book code="2MA">
      <long>Le Deuxième livre des Maccabeés</long>
      <short>2 Maccabeés</short>
      <abbr>2 Maccabeés</abbr>
    </book>
    <book code="1ES">
      <long>Le premier livre d'Esdras</long>
      <short>1 Esdras</short>
      <abbr>1 Esdras</abbr>
    </book>
    <book code="MAN">
      <long>La Prière de Manassé roi de Juda quand il était captif à Babylone</long>
      <short>Manassé</short>
      <abbr>Manassé</abbr>
    </book>
    <book code="PS2">
      <long>Psaume 151</long>
      <short>Psaume 151</short>
      <abbr>Psaume 151</abbr>
    </book>
    <book code="3MA">
      <long>Le Troisième Livre des Maccabeés</long>
      <short>3 Maccabeés</short>
      <abbr>3 Maccabeés</abbr>
    </book>
    <book code="2ES">
      <long>Le deuxième livre d'Esdras</long>
      <short>2 Esdras</short>
      <abbr>2 Esdras</abbr>
    </book>
    <book code="4MA">
      <long>Le quatrième livre des Maccabeés</long>
      <short>4 Maccabeés</short>
      <abbr>4 Maccabeés</abbr>
    </book>
    <book code="MAT">
      <long>La bonne nouvelle selon Matthieu</long>
      <short>Matthieu</short>
      <abbr>Matthieu</abbr>
    </book>
    <book code="MRK">
      <long>La bonne nouvelle selon Marc</long>
      <short>Marc</short>
      <abbr>Marc</abbr>
    </book>
    <book code="LUK">
      <long>La bonne nouvelle selon Luc</long>
      <short>Luc</short>
      <abbr>Luc</abbr>
    </book>
    <book code="JHN">
      <long>La bonne nouvelle selon Jean</long>
      <short>Jean</short>
      <abbr>Jean</abbr>
    </book>
    <book code="ACT">
      <long>Les Actes des Apôtres</long>
      <short>Actes</short>
      <abbr>Actes</abbr>
    </book>
    <book code="ROM">
      <long>La lettre de Paul aux Romains</long>
      <short>Romains</short>
      <abbr>Romains</abbr>
    </book>
    <book code="1CO">
      <long>La première lettre de Paul aux Corinthiens</long>
      <short>1 Corinthiens</short>
      <abbr>1 Corinthiens</abbr>
    </book>
    <book code="2CO">
      <long>La deuxième lettre de Paul aux Corinthiens</long>
      <short>2 Corinthiens</short>
      <abbr>2 Corinthiens</abbr>
    </book>
    <book code="GAL">
      <long>La lettre de Paul aux Galates</long>
      <short>Galates</short>
      <abbr>Galates</abbr>
    </book>
    <book code="EPH">
      <long>La lettre de Paul aux Éphésiens</long>
      <short>Éphésiens</short>
      <abbr>Éphésiens</abbr>
    </book>
    <book code="PHP">
      <long>La lettre de Paul aux Philippiens</long>
      <short>Philippiens</short>
      <abbr>Philippiens</abbr>
    </book>
    <book code="COL">
      <long>La lettre de Paul aux Colossiens</long>
      <short>Colossiens</short>
      <abbr>Colossiens</abbr>
    </book>
    <book code="1TH">
      <long>La première lettre de Paul aux Thessaloniciens</long>
      <short>1 Thessaloniciens</short>
      <abbr>1 Thessaloniciens</abbr>
    </book>
    <book code="2TH">
      <long>La deuxième lettre de Paul aux Thessaloniciens</long>
      <short>2 Thessaloniciens</short>
      <abbr>2 Thessaloniciens</abbr>
    </book>
    <book code="1TI">
      <long>La première lettre de Paul à Timothée</long>
      <short>1 Timothée</short>
      <abbr>1 Timothée</abbr>
    </book>
    <book code="2TI">
      <long>La deuxième lettre de Paul à Timothée</long>
      <short>2 Timothée</short>
      <abbr>2 Timothée</abbr>
    </book>
    <book code="TIT">
      <long>La lettre de Paul à Tite</long>
      <short>Tite</short>
      <abbr>Tite</abbr>
    </book>
    <book code="PHM">
      <long>La lettre de Paul à Philémon</long>
      <short>Philémon</short>
      <abbr>Philémon</abbr>
    </book>
    <book code="HEB">
      <long>La lettre aux Hébreux</long>
      <short>Hébreux</short>
      <abbr>Hébreux</abbr>
    </book>
    <book code="JAS">
      <long>La lettre de Jacques</long>
      <short>Jacques</short>
      <abbr>Jacques</abbr>
    </book>
    <book code="1PE">
      <long>La première lettre de Pierre</long>
      <short>1 Pierre</short>
      <abbr>1 Pierre</abbr>
    </book>
    <book code="2PE">
      <long>La deuxième lettre de Pierre</long>
      <short>2 Pierre</short>
      <abbr>2 Pierre</abbr>
    </book>
    <book code="1JN">
      <long>La première lettre de Jean</long>
      <short>1 Jean</short>
      <abbr>1 Jean</abbr>
    </book>
    <book code="2JN">
      <long>La deuxième lettre de Jean</long>
      <short>2 Jean</short>
      <abbr>2 Jean</abbr>
    </book>
    <book code="3JN">
      <long>La troisième lettre de Jean</long>
      <short>3 Jean</short>
      <abbr>3 Jean</abbr>
    </book>
    <book code="JUD">
      <long>La lettre de Jude</long>
      <short>Jude</short>
      <abbr>Jude</abbr>
    </book>
    <book code="REV">
      <long>L'Apocalypse à Jean</long>
      <short>Apocalypse</short>
      <abbr>Apocalypse</abbr>
    </book>
  </bookNames>
  <contents>
    <bookList default="true" id="1">
      <name>French Free Holy Bible for the World</name>
      <nameLocal>Sainte Bible libre pour le monde</nameLocal>
      <abbreviation>frasbl</abbreviation>
      <abbreviationLocal>SBL</abbreviationLocal>
      <description>common</description>
      <descriptionLocal />
      <books>
        <book code="GEN" />
        <book code="EXO" />
        <book code="LEV" />
        <book code="NUM" />
        <book code="DEU" />
        <book code="JOS" />
        <book code="JDG" />
        <book code="RUT" />
        <book code="1SA" />
        <book code="2SA" />
        <book code="1KI" />
        <book code="2KI" />
        <book code="1CH" />
        <book code="2CH" />
        <book code="EZR" />
        <book code="NEH" />
        <book code="EST" />
        <book code="JOB" />
        <book code="PSA" />
        <book code="PRO" />
        <book code="ECC" />
        <book code="SNG" />
        <book code="ISA" />
        <book code="JER" />
        <book code="LAM" />
        <book code="EZK" />
        <book code="DAN" />
        <book code="HOS" />
        <book code="JOL" />
        <book code="AMO" />
        <book code="OBA" />
        <book code="JON" />
        <book code="MIC" />
        <book code="NAM" />
        <book code="HAB" />
        <book code="ZEP" />
        <book code="HAG" />
        <book code="ZEC" />
        <book code="MAL" />
        <book code="TOB" />
        <book code="JDT" />
        <book code="ESG" />
        <book code="DAG" />
        <book code="WIS" />
        <book code="SIR" />
        <book code="BAR" />
        <book code="1MA" />
        <book code="2MA" />
        <book code="1ES" />
        <book code="MAN" />
        <book code="PS2" />
        <book code="3MA" />
        <book code="2ES" />
        <book code="4MA" />
        <book code="MAT" />
        <book code="MRK" />
        <book code="LUK" />
        <book code="JHN" />
        <book code="ACT" />
        <book code="ROM" />
        <book code="1CO" />
        <book code="2CO" />
        <book code="GAL" />
        <book code="EPH" />
        <book code="PHP" />
        <book code="COL" />
        <book code="1TH" />
        <book code="2TH" />
        <book code="1TI" />
        <book code="2TI" />
        <book code="TIT" />
        <book code="PHM" />
        <book code="HEB" />
        <book code="JAS" />
        <book code="1PE" />
        <book code="2PE" />
        <book code="1JN" />
        <book code="2JN" />
        <book code="3JN" />
        <book code="JUD" />
        <book code="REV" />
      </books>
    </bookList>
  </contents>
  <copyright>
    <statement contentType="xhtml">
      <p>Public Domain
&lt;a href="https://creativecommons.org/publicdomain/zero/1.0/deed.fr"&gt;Domaine Public&lt;/a&gt;&lt;br/&gt;
Il s'agit d'un brouillon de traduction. Il est en cours de relecture et d'édition. Si vous trouvez des erreurs, veuillez nous en informer à &lt;a href="https://eBible.org/cgi-bin/contact.cgi"&gt;https://eBible.org/cgi-bin/contact.cgi&lt;/a&gt;.&lt;br/&gt;
This is a draft translation. It is being proofread and edited. If you find errors, please let us know at &lt;a href="https://eBible.org/cgi-bin/contact.cgi"&gt;https://eBible.org/cgi-bin/contact.cgi&lt;/a&gt;.
</p>
    </statement>
  </copyright>
  <promotion>
    <promoVersionInfo contentType="xhtml">
      <p>Public Domain&lt;a href="https://creativecommons.org/publicdomain/zero/1.0/deed.fr"&gt;Domaine Public&lt;/a&gt;&lt;br/&gt;
Il s'agit d'un brouillon de traduction. Il est en cours de relecture et d'édition. Si vous trouvez des erreurs, veuillez nous en informer à &lt;a href="https://eBible.org/cgi-bin/contact.cgi"&gt;https://eBible.org/cgi-bin/contact.cgi&lt;/a&gt;.&lt;br/&gt;
This is a draft translation. It is being proofread and edited. If you find errors, please let us know at &lt;a href="https://eBible.org/cgi-bin/contact.cgi"&gt;https://eBible.org/cgi-bin/contact.cgi&lt;/a&gt;.</p>
    </promoVersionInfo>
    <promoEmail contentType="xhtml">Thank you for downloading Sainte Bible libre pour le monde! Now you'll have anytime, anywhere access to God's Word on your mobile device—even if 
you're outside of service coverage or not connected to the Internet. It also means faster service whenever you read that version since it's 
stored on your device. Enjoy! This download was made possible by PUBLIC DOMAIN. We really appreciate their passion for making the Bible available to millions of people around the world. Because of 
their generosity, people like you can open up the Bible and hear from God no matter where you are. You can learn more about them at .</promoEmail>
  </promotion>
  <archiveStatus>
    <archivistName />
    <dateArchived />
    <dateUpdated />
    <comments />
  </archiveStatus>
  <format>text/xml</format>
</DBLMetadata>